-- phpMyAdmin SQL Dump
-- version 4.9.0.1
-- https://www.phpmyadmin.net/
--
-- Máy chủ: 127.0.0.1
-- Thời gian đã tạo: Th5 22, 2020 lúc 05:21 PM
-- Phiên bản máy phục vụ: 10.3.15-MariaDB
-- Phiên bản PHP: 7.3.6

SET SQL_MODE = "NO_AUTO_VALUE_ON_ZERO";
SET AUTOCOMMIT = 0;
START TRANSACTION;
SET time_zone = "+00:00";


/*!40101 SET @OLD_CHARACTER_SET_CLIENT=@@CHARACTER_SET_CLIENT */;
/*!40101 SET @OLD_CHARACTER_SET_RESULTS=@@CHARACTER_SET_RESULTS */;
/*!40101 SET @OLD_COLLATION_CONNECTION=@@COLLATION_CONNECTION */;
/*!40101 SET NAMES utf8mb4 */;

--
-- Cơ sở dữ liệu: `db_monngon3`
--

-- --------------------------------------------------------

--
-- Cấu trúc bảng cho bảng `category`
--

CREATE TABLE `category` (
  `id` int(10) UNSIGNED NOT NULL,
  `name` varchar(255) COLLATE utf8mb4_unicode_ci NOT NULL,
  `unsigned_name` varchar(255) CHARACTER SET utf8 COLLATE utf8_unicode_ci DEFAULT NULL,
  `icon` varchar(255) CHARACTER SET utf8 COLLATE utf8_unicode_ci DEFAULT NULL,
  `note` varchar(255) CHARACTER SET utf8 COLLATE utf8_unicode_ci DEFAULT 'Món ngon mỗi ngày',
  `status` int(11) NOT NULL DEFAULT 1,
  `created_at` timestamp NULL DEFAULT NULL,
  `updated_at` timestamp NULL DEFAULT NULL
) ENGINE=InnoDB DEFAULT CHARSET=utf8mb4 COLLATE=utf8mb4_unicode_ci;

--
-- Đang đổ dữ liệu cho bảng `category`
--

INSERT INTO `category` (`id`, `name`, `unsigned_name`, `icon`, `note`, `status`, `created_at`, `updated_at`) VALUES
(1, 'Ăn sáng', 'an sang', 'ansang.png', 'Món ngon mỗi ngày', 1, NULL, '2022-09-30 01:28:44'),
(2, 'Ăn vặt', 'an vat', 'anvat.png', 'Món ngon mỗi ngày', 1, NULL, NULL),
(3, 'Khai vị', 'khai vi', 'khaivi.png', 'Món ngon mỗi ngày', 1, NULL, NULL),
(4, 'Món chay', 'mon chay', 'anchay.png', 'Món ngon mỗi ngày', 1, NULL, NULL),
(5, 'Món chính', 'mon chinh', 'monchinh.png', 'Món ngon mỗi ngày', 1, '2022-09-18 00:32:32', '2022-09-18 00:32:32'),
(6, 'Thức uống', 'thuc uong', 'xAGR_thucuong.png', 'Món ngon mỗi ngày', 1, '2022-09-18 00:35:35', '2022-09-18 00:35:35'),
(7, 'Salad', 'salad', '2i4e_salad.png', 'Món ngon mỗi ngày', 1, '2022-09-18 01:07:03', '2020-05-05 18:57:31');

-- --------------------------------------------------------

--
-- Cấu trúc bảng cho bảng `comment`
--

CREATE TABLE `comment` (
  `id` int(10) UNSIGNED NOT NULL,
  `id_user` int(10) UNSIGNED NOT NULL,
  `id_recipe` int(10) UNSIGNED NOT NULL,
  `content` varchar(255) COLLATE utf8mb4_unicode_ci NOT NULL,
  `status` int(11) NOT NULL DEFAULT 1,
  `created_at` timestamp NULL DEFAULT NULL,
  `updated_at` timestamp NULL DEFAULT NULL
) ENGINE=InnoDB DEFAULT CHARSET=utf8mb4 COLLATE=utf8mb4_unicode_ci;

--
-- Đang đổ dữ liệu cho bảng `comment`
--

INSERT INTO `comment` (`id`, `id_user`, `id_recipe`, `content`, `status`, `created_at`, `updated_at`) VALUES
(4, 15, 3, 'món ngon quá', 1, '2022-11-30 02:29:44', '2022-11-30 02:29:44'),
(5, 19, 3, 'nhìn ngon thiệt đó nha', 1, '2022-11-30 02:36:59', '2022-11-30 02:36:59'),
(6, 19, 3, 'hihihi', 1, '2022-11-30 02:39:50', '2022-11-30 02:39:50'),
(7, 15, 3, 'ngon nhể', 1, '2022-12-11 20:10:06', '2022-12-11 20:10:06'),
(8, 15, 3, 'quá ngon', 1, '2022-12-12 00:18:34', '2022-12-12 00:18:34'),
(9, 2, 8, 'mon nay kha la ngon', 1, '2020-03-05 06:32:45', '2020-03-05 06:32:45'),
(10, 2, 16, 'ngon đó', 1, '2020-03-29 05:57:59', '2020-03-29 05:57:59'),
(11, 2, 9, 'ngon ghê ha', 1, '2020-05-01 22:47:34', '2020-05-01 22:47:34'),
(12, 10, 3, 'ngon lắm', 1, '2020-05-16 03:02:54', '2020-05-16 03:02:54'),
(14, 10, 3, 'ngon cực', 1, '2020-05-16 03:28:11', '2020-05-16 03:28:11'),
(15, 10, 3, 'ngon thế', 1, '2020-05-16 03:29:23', '2020-05-16 03:29:23'),
(34, 10, 4, 'ngol', 1, '2020-05-16 19:21:59', '2020-05-16 19:21:59'),
(35, 10, 4, 'alo alo', 1, '2020-05-16 19:23:53', '2020-05-16 19:23:53'),
(36, 10, 4, 'alo alo', 1, '2020-05-16 19:23:57', '2020-05-16 19:23:57'),
(37, 10, 4, 'alo alo', 1, '2020-05-16 19:24:00', '2020-05-16 19:24:00'),
(38, 10, 4, 'alo alo', 1, '2020-05-16 19:24:31', '2020-05-16 19:24:31'),
(39, 10, 4, 'alo alo', 1, '2020-05-16 19:25:12', '2020-05-16 19:25:12'),
(40, 10, 5, 'ngon', 1, '2020-05-16 19:29:49', '2020-05-16 19:29:49'),
(41, 2, 9, 'wow', 1, '2020-05-17 10:47:44', '2020-05-17 10:47:44'),
(42, 2, 9, 'wow', 1, '2020-05-17 10:47:51', '2020-05-17 10:47:51'),
(43, 2, 3, 'hihi', 1, '2020-05-17 10:51:10', '2020-05-17 10:51:10');

-- --------------------------------------------------------

--
-- Cấu trúc bảng cho bảng `dish`
--

CREATE TABLE `dish` (
  `id` int(10) UNSIGNED NOT NULL,
  `name` varchar(255) COLLATE utf8mb4_unicode_ci NOT NULL,
  `unsigned_name` varchar(255) CHARACTER SET utf8 COLLATE utf8_unicode_ci DEFAULT NULL,
  `image` varchar(255) COLLATE utf8mb4_unicode_ci NOT NULL,
  `id_category` int(10) UNSIGNED NOT NULL,
  `note` varchar(255) COLLATE utf8mb4_unicode_ci NOT NULL,
  `status` int(11) NOT NULL DEFAULT 1,
  `created_at` timestamp NULL DEFAULT NULL,
  `updated_at` timestamp NULL DEFAULT NULL
) ENGINE=InnoDB DEFAULT CHARSET=utf8mb4 COLLATE=utf8mb4_unicode_ci;

--
-- Đang đổ dữ liệu cho bảng `dish`
--

INSERT INTO `dish` (`id`, `name`, `unsigned_name`, `image`, `id_category`, `note`, `status`, `created_at`, `updated_at`) VALUES
(1, 'Thịt băm bọc trứng cút sốt cà chua phô mai', 'Thit bam boc trung cut sot ca chua pho mai', 'Thịt băm bọc trứng cút sốt cà chua phô mai.jpg', 5, 'món ngon', 1, NULL, '2022-09-18 10:43:08'),
(2, 'Bánh canh Nam Phổ xứ Huế', 'banh canh nam pho xu hue', 'zRKz_4-Bánh canh Nam Phổ xứ Huế.jpg', 3, '\"Bánh Canh Nam Phổ Xứ Huế - món ăn ngon đặc sản của người dân cố đô.', 1, '2022-09-18 10:12:08', '2022-11-08 08:31:37'),
(3, 'Bánh canh cá bớp', 'banh canh ca bop', 'i7FV_Bánh canh cá bớp.jpg', 1, 'Bánh canh ngon lành', 1, '2022-09-19 09:55:42', '2022-09-19 09:55:42'),
(4, 'Bánh canh chả cá thơm ngon dễ làm cho bữa sáng', 'banh canh cha ca thom ngon de lam cho bua sang', 'LQ3S_Bánh canh chả cá thơm ngon dễ làm cho bữa sáng.jpg', 1, 'Bánh canh chả cá thơm ngon', 1, '2022-09-19 09:56:24', '2022-09-19 09:56:24'),
(5, 'Bánh tiêu', 'banh tieu', 'QgKC_Bánh tiêu.jpg', 1, 'Bánh tiêu ngon', 1, '2022-09-19 09:56:43', '2022-11-21 06:38:17'),
(6, 'Gà bó xôi chiên giòn', 'ga bo xoi chien gion', 'xxU5_Gà bó xôi chiên giòn.jpg', 1, 'ngon lành cho bữa sáng', 1, '2022-09-19 09:57:07', '2022-11-21 06:38:37'),
(7, 'Bánh chocolate hạt khô', 'banh chocolate hat kho', 'qvyS_Bánh chocolate hạt khô.jpg', 2, 'ăn mọi lúc mọi nơi', 1, '2022-09-19 09:57:33', '2022-09-19 09:57:33'),
(8, 'Bánh chocolate không cần lò nướng', 'banh chocolate khong can lo nuong', 'Pvrk_Bánh chocolate không cần lò nướng.jpg', 2, 'Bánh chocolate ngon', 1, '2022-09-19 09:58:06', '2022-09-19 09:58:06'),
(9, 'Kimbap Hàn Quốc', 'kimbap han quoc', 'mOjx_Kimbap Hàn Quốc.jpg', 2, 'đậm hương vị Hàn Quốc', 1, '2022-09-19 09:58:38', '2022-09-19 09:58:38'),
(10, 'Lê chưng mát ngọt', 'le chung mat ngot', 'S8jk_Lê chưng mát ngọt.jpg', 2, 'Ngọt lịm', 1, '2022-09-19 09:58:54', '2022-09-24 21:59:24'),
(11, 'Sa kê chiên giòn', 'sa ke chien gion', 'kIQm_Sa kê chiên giòn.jpg', 2, 'giòn trong từng miếng cắn', 1, '2022-09-19 09:59:14', '2022-11-21 06:39:29'),
(12, 'Chân gà ngâm sả tắc cay', 'chan ga ngam sa tac cay', 'j79D_Chân gà ngâm sả tắc cay.jpg', 3, 'Chân gà cay', 1, '2022-09-19 09:59:45', '2022-09-19 10:03:26'),
(13, 'Cơm cháy chà bông giòn rụm', 'com chay cha bong gion rum', 'zSMP_Cơm cháy chà bông giòn rụm.jpg', 3, 'Cơm cháy đặc sản', 1, '2022-09-19 10:00:04', '2022-09-19 10:00:04'),
(14, 'Gỏi thịt bò trộn rau càng cua', 'goi thit bo tron rau cang cua', 'Rpph_Gỏi thịt bò trộn rau càng cua.jpg', 3, 'ngon ngon', 1, '2022-09-19 10:00:32', '2022-09-19 10:03:02'),
(15, 'Trứng chén nướng', 'trung chen nuong', '0Ml8_Trứng chén nướng.jpg', 3, 'ngon ngon', 1, '2022-09-19 10:00:47', '2022-09-19 10:00:47'),
(16, 'Trứng cút lộn xào me', 'trung cut lon xao me', 'LHxH_Trứng cút lộn xào me.jpg', 3, 'ăn với cơm ngon lành', 1, '2022-09-19 10:01:06', '2022-09-19 10:01:06'),
(17, 'Cá chạch kho nghệ', 'ca chach kho nghe', 'J9rW_Cá chạch kho nghệ.jpg', 5, 'ăn với cơm là tuyệt vời', 1, '2022-09-19 10:01:29', '2022-09-19 10:01:29'),
(18, 'Cơm gà xối mỡ', 'com ga xoi mo', 'TSwK_Cơm gà xối mỡ.jpg', 5, 'ăn với cơm', 1, '2022-09-19 10:01:47', '2022-09-19 10:01:47'),
(19, 'Lẩu kim chi Hàn Quốc', 'lau kim chi han quoc', 'yRcl_Lẩu kim chi Hàn Quốc.jpg', 5, 'lẩu ngon cho ngày đông giá lạnh', 1, '2022-09-19 10:04:20', '2022-09-19 10:04:20'),
(20, 'Mì xào giòn thập cẩm', 'mi xao gion thap cam', 'Agdx_Mì xào giòn thập cẩm.jpg', 5, 'mì xào', 1, '2022-09-19 10:04:34', '2022-09-19 10:04:34'),
(21, 'Nước ép cóc', 'nuoc ep coc', 'fBOs_Nước ép cóc.jpg', 6, 'nước ép cóc', 1, '2022-09-19 10:04:56', '2022-09-19 10:04:56'),
(22, 'Pina colada cocktail', 'pina colada cocktail', 'olFm_Pina colada cocktail.jpg', 6, 'Pina colada', 1, '2022-09-19 10:05:11', '2022-09-19 10:05:11'),
(23, 'Siro dâu tằm', 'siro dau tam', 'v3gH_Siro dâu tằm.jpg', 6, 'Siro dâu', 1, '2022-09-19 10:05:27', '2022-09-19 10:05:27'),
(24, 'Sữa gạo rang', 'sua gao rang', 'd5Yj_Sữa gạo rang.jpg', 6, 'Sữa gạo', 1, '2022-09-19 10:05:41', '2022-09-19 10:05:41'),
(25, 'Sữa hạnh nhân ngọt ngào', 'sua hanh nhan ngot ngao', 'Ereu_Sữa hạnh nhân ngọt ngào.jpg', 6, 'Sữa hạnh nhân', 1, '2022-09-19 10:05:57', '2022-09-19 10:05:57'),
(26, 'Trà sữa hoàng gia', 'tra sua hoang gia', 'BeuF_Trà sữa hoàng gia.jpg', 6, 'Trà sữa', 1, '2022-09-19 10:06:09', '2022-09-19 10:06:09'),
(27, 'Bánh canh trứng cút', 'banh canh trung cut', 'CC6j_1-Bánh canh trứng cút.jpg', 1, '\"Bánh Canh Trứng Cút nóng hổi, cực ngon miệng trong những ngày se lạnh.\"', 1, '2022-10-01 06:52:40', '2022-10-02 03:13:52'),
(28, 'Xôi vò', 'xoi vo', 'UJwP_Gà bó xôi chiên giòn.jpg', 1, 'Xôi vò là món ngon bữa sáng quen thuộc, bổ dưỡng của người Việt.', 1, '2022-10-01 06:53:14', '2022-11-21 06:40:02'),
(29, 'Bánh canh thịt vịt', 'banh canh thit vit', '9gJr_3-Bánh canh thịt vịt.jpg', 1, '\"Bánh Canh Thịt Vịt là một trong những món bánh canh ngon, hấp dẫn và hương vị mới lạ.\"', 1, '2022-10-01 06:53:40', '2022-10-02 03:15:03'),
(30, 'Bánh canh chả cá', 'banh canh cha ca', 'tZmR_4-Bánh canh chả cá.jpg', 1, 'Bánh canh chả cá là món ngon bữa sáng hấp dẫn, bổ dưỡng, giúp cung cấp nguồn năng lượng dồi dào cho cả ngày dài học tập và làm việc.', 1, '2022-10-01 06:54:13', '2022-10-02 03:15:39'),
(31, 'Bánh canh cá lóc Quảng Trị', 'banh canh ca loc quang tri', 'CGuO_5-Bánh canh cá lóc Quảng Trị.jpg', 1, 'Bánh Canh Cá Lóc Quảng Trị được đánh giá là một trong những món ăn lot vào trong top 50 món ăn ngon của Việt Nam.', 1, '2022-10-01 06:54:41', '2022-10-02 03:16:03'),
(32, 'Bánh burger thịt heo', 'banh burger thit heo', 'xx8g_6-Bánh burger thịt heo.jpg', 1, 'Bánh hamburger là món ăn nhanh được rất nhiều bạn trẻ yêu thích hiện nay. Phần vỏ bánh mềm, xốp, giòn bọc lấy phần nhân thịt heo được tẩm ướp đậm đà.', 1, '2022-10-01 07:16:18', '2022-10-02 03:16:27'),
(33, 'Bánh canh cá lóc miền Tây', 'banh canh ca loc mien tay', 'brFn_7.0-Bánh canh cá lóc miền Tây.jpg', 1, 'Bánh Canh Cá Lóc Miền Tây vừa ngon vừa giúp thanh nhiệt ngày hè cho cả gia đình.', 1, '2022-10-01 07:16:46', '2022-10-02 03:16:54'),
(34, 'Bánh burger mini', 'banh burger mini', 'lsJN_Bánh tiêu.jpg', 1, 'Chiếc bánh burger nhỏ xinh hóa ra làm dễ quá trời.', 1, '2022-10-01 07:17:12', '2022-11-21 06:40:50'),
(35, 'Bánh canh cá lóc', 'banh canh ca loc', 'CoQC_Bánh canh cá bớp.jpg', 1, 'Bánh Canh Cá Lóc là một trong những món bánh canh ngon và phổ biến của miền Tây.', 1, '2022-10-01 07:17:38', '2022-11-21 06:41:18'),
(36, 'Bánh canh bột xắt nước dừa nấu tôm', 'banh canh bot xat nuoc dua nau tom', 'M1P1_11-Bánh canh bột xắt nước dừa nấu tôm.jpg', 1, 'Bánh Canh Bột Xắt Nước Dừa Nấu Tôm là một trong những món ngon đặc trưng của miền Tây.', 1, '2022-10-01 07:18:38', '2022-10-02 03:18:15'),
(37, 'Bánh canh bột lọc', 'banh canh bot loc', '52jt_12-Bánh canh bột lọc.jpg', 1, 'Bánh Canh Bột Lọc với hương vị hấp dẫn, đặc trưng cho bữa sáng đầy đủ dinh dưỡng.', 1, '2022-10-01 07:19:46', '2022-10-02 03:18:33'),
(38, 'Bánh mì Việt Nam', 'banh mi viet nam', 'oaH9_13-Bánh mì Việt Nam.jpg', 1, 'Bánh mì Việt Nam là món ăn sáng quen thuộc của nhiều người Việt', 1, '2022-10-01 07:20:12', '2022-10-02 03:18:54'),
(39, 'Bún mắm miền tây đúng điệu', 'bun mam mien tay dung dieu', 'AXHm_14-Bún mắm miền tây đúng điệu.jpg', 1, 'Bún Mắm Miền Tây đúng điệu, thơm ngon, hấp dẫn cho bữa tiệc cả nhà đây.', 1, '2022-10-01 07:20:32', '2022-10-02 03:19:14'),
(40, 'Súp cua thập cẩm', 'sup cua thap cam', 'UMLf_15-Súp cua thập cẩm.jpg', 1, 'Súp cua thập cẩm là món ăn ngon dùng khai vị cho bữa tiệc gia đình thêm ngon miệng hoặc làm món ăn sáng nóng hổi trong những ngày lạnh.', 1, '2022-10-01 07:20:56', '2022-10-02 04:07:29'),
(41, 'Bánh bột nếp chiên', 'banh bot nep chien', 'GHyx_16-Bánh bột nếp chiên.jpg', 1, 'Bánh bột nếp chiên là món ăn sáng và ăn vặt dẻo dẻo, dai dai, béo ngon, cực hấp dẫn.', 1, '2022-10-01 07:44:19', '2022-10-02 04:07:56'),
(42, 'Bún riêu thịt', 'bun rieu thit', 'SEYF_17-Bún riêu thịt.jpg', 1, 'Bún riêu thịt là món ăn ngon hoàn toàn khác với bún riêu cua.', 1, '2022-10-01 07:44:44', '2022-10-02 04:08:11'),
(43, 'Bánh bột chiên béo thơm', 'banh bot chien beo thom', 'UIxL_18-Bánh bột chiên béo thơm.jpg', 1, 'Bánh Bột Chiên là món ngon ăn vặt đặc trưng của người Sài Gòn.', 1, '2022-10-01 07:45:11', '2022-10-02 04:08:27'),
(44, 'Salad rau trộn sốt mayonnaise', 'salad rau tron sot mayonnaise', 'Riym_Salad rau trộn sốt mayonnaise.jpg', 7, 'Salad Rau Trộn Sốt Mayonnaise - Món salad ngon, cực hấp dẫn tại nhà.', 1, '2022-10-01 08:16:33', '2022-10-02 03:21:57'),
(45, 'Salad tôm', 'salad tom', 'W2cu_PFic_Salad tôm.jpg', 7, 'Một đĩa salad tôm chua chua, ngọt ngọt, ăn rất ngon miệng sẽ khiến cả nhà bạn phải thèm cho mà xem.', 1, '2022-10-01 08:17:42', '2022-11-21 06:42:28'),
(46, 'Salad gà', 'salad ga', 'E63n_gb55_Salad gà.jpg', 7, 'Salad gà với vị giòn giòn, thanh mát của rau kết hợp với vị ngọt của thịt gà và vị ngậy của sốt Mayonaise kèm thêm chút cay của tương ớt.', 1, '2022-10-01 08:18:20', '2022-11-21 06:42:50'),
(47, 'Salad cà rốt', 'salad ca rot', 'xsh1_Salad cà rốt.jpg', 7, 'Sự giòn ngọt của cà rốt cùng vị béo, bùi của trái bơ giàu vitamin sẽ tạo cảm giác vừa ngon vừa lạ cho món salad, làm mát dịu những ngày hè oi bức.', 1, '2022-10-01 08:18:59', '2022-10-02 03:22:52'),
(48, 'Salad khoai tây', 'salad khoai tay', 'fbmX_G6xP_Salad khoai tây.jpg', 7, 'Salad khoai tây trộn trông thật bắt mắt. Đây là một cách biến tấu làm salad khoai tây không bị chán mà trở nên hấp dẫn và lạ miệng hơn rất nhiều.', 1, '2022-10-01 08:19:34', '2022-11-21 06:43:11'),
(49, 'Salad đậu que', 'salad dau que', 'VYbc_Salad đậu que.jpg', 7, 'Những món ăn có nguồn gốc từ thực vật luôn cung cấp nhiều vitamin cũng như các khoáng chất thiết yếu cho cơ thể', 1, '2022-10-01 08:20:27', '2022-10-02 03:24:29'),
(50, 'Bánh chiffon cam', 'banh chiffon cam', 'FQsV_UOxw_2-Bánh chiffon cam.jpg', 3, 'Chiffon cam là loại bánh mềm xốp, nhẹ và thơm thơm mùi cam, vị ngon ngọt của bánh hài hòa cùng với vị chua ngọt của cam sẽ khiến bạn chẳng thể chối từ.', 1, '2022-11-08 08:29:36', '2022-11-21 06:43:37'),
(51, 'Súp bắp cua', 'sup bap cua', 'KQKa_3-Súp bắp cua.jpg', 3, 'Tự tay chế biến súp bắp cua ở nhà không hề khó chút nào. Mời bạn tham khảo cách làm sau đây để chuẩn bị bữa sáng ngon lành cho cả nhà nhé.', 1, '2022-11-08 08:29:57', '2022-11-08 08:29:57'),
(52, 'Kim chi Hàn Quốc', 'kim chi han quoc', '8Gmv_5-Kim chi Hàn Quốc.jpg', 3, 'Kim chi Hàn Quốc là một món ăn ngon nổi tiếng của xứ sở Kim Chi.', 1, '2022-11-08 08:32:12', '2022-11-08 08:32:12'),
(53, 'Bánh chả cua', 'banh cha cua', 'sbjz_6-Bánh chả cua.jpg', 3, 'Bánh chả cua là sự kết hợp của nhiều nguyên liệu, gia vị với thịt cua là đặc trưng khiến cho món ăn thêm phần hấp dẫn và cuốn hút bởi màu sắc bắt mắt.', 1, '2022-11-08 08:32:32', '2022-11-08 08:32:32'),
(54, 'Chả lụa thịt gà', 'cha lua thit ga', 'ucxD_10-Chả lụa thịt gà.jpg', 3, 'Được biến tấu từ món giò heo, rất nhiều nguyên liệu như bò, gà được dùng làm giò ngày Tết.', 1, '2022-11-08 08:33:55', '2022-11-08 08:33:55'),
(55, 'Bắp bò nhúng mẻ', 'bap bo nhung me', 'n1RW_11-Bắp bò nhúng mẻ.jpg', 3, 'Lẩu bắp bò nhúng mẻ vị chua chua, thanh thanh ăn cùng những loại rau vườn, khế chua, chuối chát thì đúng là \"đặc sản\" của quê nhà.', 1, '2022-11-08 08:34:21', '2022-11-08 08:34:21'),
(56, 'Gỏi củ hũ dừa tôm thịt', 'goi cu hu dua tom thit', '6tJP_12-Gỏi củ hũ dừa tôm thịt.jpg', 3, 'Gỏi củ hũ dừa tôm thịt mà Cooky giới thiệu hôm nay ngoài vị giòn giòn sừng sựt của các loại rau củ còn có sự thơm ngọt của tôm và thịt, tô điểm thêm rau răm, đậu phộng rang và 1 ít hành phi, làm món khai vị ngon khó cưỡng lại được.', 1, '2022-11-08 08:34:59', '2022-11-08 08:34:59'),
(57, 'Bánh bột lọc đậu xanh', 'banh bot loc dau xanh', 'U0Gl_14-Bánh bột lọc đậu xanh.jpg', 3, 'Bánh Bột Lọc Đậu Xanh với đậu xanh béo béo, bùi bùi, dễ kết hợp với nhiều món nên luôn là nguyên liệu được ưu ái trong những món ăn Việt.', 1, '2022-11-08 08:35:52', '2022-11-08 08:35:52'),
(58, 'Gỏi gà bắp cải', 'goi ga bap cai', '33UQ_15-Gỏi gà bắp cải.jpg', 3, 'Gỏi gà bắp cải là món ngon từ gà rất được ưa chuộng, thích hợp dùng làm món ăn khai vị cho bữa cơm gia đình, hoặc các bữa tiệc liên hoan, sum họp cùng bạn bè.', 1, '2022-11-08 08:36:12', '2022-11-08 08:36:12'),
(59, 'Bánh bột mì Ấn Độ', 'banh bot mi an do', 'cjTx_16-Bánh bột mì Ấn Độ.jpg', 3, 'Bánh Bột Mì Ấn Độ là món ăn sáng lạ miệng, thơm ngon, cho cả nhà. Với thời gian làm bánh siêu tốc, cách làm bánh bột mì Ấn Độ cũng khá đơn giản, chấm cùng mật ong, nhâm nhi cực thỏa thích.', 1, '2022-11-08 08:36:34', '2022-11-08 08:36:34'),
(60, 'Bánh canh trứng cút', 'banh canh trung cut', 'vJ1h_CC6j_1-Bánh canh trứng cút.jpg', 1, 'Bánh Canh Trứng Cút nóng hổi, cực ngon miệng trong những ngày se lạnh. Món bánh canh xương trứng cút là món ăn sáng thơm ngon, mời cả nhà thưởng thức ngon miệng.', 1, NULL, '2022-11-21 06:44:10'),
(61, 'Xôi vò', 'xoi vo', 'FVt0_vxOw_2-Xôi vò.jpg', 1, 'món ăn sáng thơm ngon,khiến cả nhà muốn ăn mãi không ngừng', 1, NULL, '2022-11-21 06:44:46'),
(62, 'Bánh canh thịt vịt', 'banh canh thit vit', 're7q_9gJr_3-Bánh canh thịt vịt.jpg', 1, 'Bánh Canh Chả Cá - món ăn sáng thơm ngon, nóng hổi, giúp cả nhà thêm ăn ngon và ấm bụng.', 1, NULL, '2022-11-21 06:45:09'),
(63, 'Bánh canh chả cá', 'banh canh cha ca', 'Xr2X_LQ3S_Bánh canh chả cá thơm ngon dễ làm cho bữa sáng.jpg', 1, 'Cách nấu bánh canh chả cá ngon có nước dùng hầm xương thanh ngọt, chả cá chiên dai, cùng các loại rau củ, nấm rơm cực hấp dẫn', 1, NULL, '2022-11-21 06:45:52'),
(64, 'Bánh canh cá lóc Quảng Trị', 'banh canh ca loc quang tri', 'TLL7_CGuO_5-Bánh canh cá lóc Quảng Trị.jpg', 1, 'món ăn sáng thơm ngon,khiến cả nhà muốn ăn mãi không ngừng', 1, NULL, '2022-11-21 06:46:12'),
(65, 'Bánh burger thịt heo', 'banh burger thit heo', 'ABIS_xx8g_6-Bánh burger thịt heo.jpg', 1, 'Bánh hamburger là món ăn nhanh được rất nhiều bạn trẻ yêu thích hiện nay. Phần vỏ bánh mềm, xốp, giòn bọc lấy phần nhân thịt heo được tẩm ướp đậm đà', 1, NULL, '2022-11-21 06:46:30'),
(66, 'Bánh canh cá lóc miền Tây', 'banh canh ca loc mien tay', 'czrv_brFn_7.0-Bánh canh cá lóc miền Tây.jpg', 1, 'Bánh Canh Cá Lóc Miền Tây vừa ngon vừa giúp thanh nhiệt ngày hè cho cả gia đình.', 1, NULL, '2022-11-21 06:50:27'),
(67, 'Bánh burger mini', 'banh burger mini', 'iI10_bg8k_8-Bánh burger mini.jpg', 1, 'Bánh Canh Cá Lóc là một trong những món bánh canh ngon và phổ biến của miền Tây.', 1, NULL, '2022-11-21 06:51:03'),
(68, 'Bánh canh cá lóc', 'banh canh ca loc', 'X2m3_czrv_brFn_7.0-Bánh canh cá lóc miền Tây.jpg', 1, 'Bánh Canh Cá Bớp nóng hổi, kết hợp thịt cá bóp săn chắc, cực ngon miệng. Bánh canh cá bớp được biến tấu thêm hấp dẫn so với món bánh canh thịt quen thuộc.', 1, NULL, '2022-11-21 06:51:38'),
(69, 'Bánh canh cá bớp', 'banh canh ca bop', 'PTYk_CoQC_Bánh canh cá bớp.jpg', 1, 'Bánh Canh Cá Bớp nóng hổi, kết hợp thịt cá bóp săn chắc, cực ngon miệng. Bánh canh cá bớp được biến tấu thêm hấp dẫn so với món bánh canh thịt quen thuộc.', 1, NULL, '2022-11-21 06:51:59'),
(70, 'Bánh canh bột xắt nước dừa nấu tôm', 'banh canh bot xat nuoc dua nau tom', 'mQtr_M1P1_11-Bánh canh bột xắt nước dừa nấu tôm.jpg', 1, 'Bánh Canh Bột Xắt Nước Dừa Nấu Tôm là một trong những món ngon đặc trưng của miền Tây', 1, NULL, '2022-11-21 06:52:24'),
(71, 'Bánh canh bột lọc', 'banh canh bot loc', 'jUm1_52jt_12-Bánh canh bột lọc.jpg', 1, 'Bánh Canh Bột Lọc với hương vị hấp dẫn, đặc trưng cho bữa sáng đầy đủ dinh dưỡng.', 1, NULL, '2022-11-21 06:52:45'),
(72, 'Bánh mì Việt Nam', 'banh mi viet nam', 'x82u_oaH9_13-Bánh mì Việt Nam.jpg', 1, 'Bánh mì Việt Nam là món ăn sáng quen thuộc của nhiều người Việt. Những ổ bánh mì ngon vừa ra lò có lớp vỏ ngoài vàng giòn, ruột bánh mềm ngon, để lâu ngoài không khí mà bánh không bị cứng lại', 1, NULL, '2022-11-21 06:53:12'),
(73, 'Bún mắm miền tây đúng điệu', 'bun mam mien tay dung dieu', '3JbM_AXHm_14-Bún mắm miền tây đúng điệu.jpg', 1, 'Bún mắm miền Tây đúng điệu, thơm ngon, hấp dẫn cho bữa tiệc cả nhà đây. Lần đầu thử nấu bún mắm đó các chế ơi, thơm banh nhà luôn', 1, NULL, '2022-11-21 06:53:34'),
(74, 'Súp cua thập cẩm', 'sup cua thap cam', 'isnh_UMLf_15-Súp cua thập cẩm.jpg', 1, 'Súp Cua Thập Cẩm là món ăn ngon thường làm món khai vị trong các bữa tiệc gia đình hoặc làm món ăn sáng nóng hổi trong những ngày lạnh', 1, NULL, '2022-11-21 07:03:54'),
(75, 'Bánh bột nếp chiên', 'banh bot nep chien', 'OcqJ_GHyx_16-Bánh bột nếp chiên.jpg', 1, 'Bánh bột nếp chiên là món ăn sáng và ăn vặt dẻo dẻo, dai dai, béo ngon, cực hấp dẫn.', 1, NULL, '2022-11-21 07:05:24'),
(76, 'Bún riêu thịt', 'bun rieu thit', 'F4VK_SEYF_17-Bún riêu thịt.jpg', 1, 'Bún Riêu Thịt - món ăn sáng thơm ngon, giàu dưỡng chất, cực hấp dẫn cho ngày lạnh.', 1, NULL, '2022-11-21 07:05:45'),
(77, 'Bánh bột chiên béo thơm', 'banh bot chien beo thom', 'lMut_UIxL_18-Bánh bột chiên béo thơm.jpg', 1, 'Bánh Bột Chiên là món ngon ăn vặt đặc trưng của người Sài Gòn. Cách làm bánh bột chiên với bột béo làm bánh thơm ngon, đảm bảo ai ăn rồi sẽ nhớ hoài hương vị này', 1, NULL, '2022-11-21 07:06:06'),
(80, 'Rau câu dừa giòn', 'Rau cau dua gion', '2.1Rau câu dừa giòn.jpg', 2, 'Thạch rau câu có vị thanh của nước dừa tươi, vị béo của cơm dừa và mùi thơm ngọt ngào của lá dứa, thực sự là món ăn rất hấp dẫn', 1, NULL, NULL),
(81, 'Bánh cay chiên giòn', 'Banh cay chien gion', '2.2Bánh cay chiên giòn.jpg', 2, 'Bánh Cay Chiên Giòn là món ăn vặt ngon hấp dẫn, đặc trưng của Việt Nam. Cách làm bánh cay chiên với hương vị đặc trưng, cay cay, dẻo dẻo, cực ngon miệng', 1, NULL, NULL),
(82, 'Bánh da lợn', 'Banh da lon', '2.3Bánh da lợn.jpg', 2, 'Bánh da lợn là món bánh dân dã mang đậm hương vị miền Tây sông nước.', 1, NULL, NULL),
(83, 'Bánh canh ngọt', 'Banh canh ngot', '2.4Bánh canh ngọt.jpg', 2, 'Chè bánh canh ngọt là món chè quen thuộc của những người dân miền thôn quê ở các tỉnh miền Tây sông nước', 1, NULL, NULL),
(84, 'Bánh chả', 'Banh cha', '2.5Bánh chả.jpg', 2, 'Bánh chả Hà Nội là món ăn vặt nổi tiếng và là tuổi thơ của rất nhiều người trong chúng ta đó.', 1, NULL, NULL),
(85, 'Chè đậu xanh nha đam đường phèn', 'Che dau xanh nha dam duong phen', '2.6Chè đậu xanh nha đam đường phèn.jpg', 2, 'Chè đậu xanh nha đam đường phèn là món chè giải nhiệt trong những ngày oi bức', 1, NULL, NULL),
(86, 'Trứng gà nướng Thái Lan', 'Trung ga nuong Thai Lan', '2.7Trứng gà nướng Thái Lan.jpg', 2, 'Trứng Gà Nướng Thái Lan - món ăn vặt cực thơm ngon, được nhiều bạn trẻ ưa thích.', 1, NULL, NULL),
(87, 'Sữa gạo rang', 'Sua gao rang', '2.8Sữa gạo rang.jpg', 2, 'Sữa Gạo Hàn Quốc - thức uống thơm ngon, cực bổ dưỡng, rất dễ làm tại nhà', 1, NULL, NULL),
(88, 'Kimbap Hàn Quốc', 'Kimbap Han Quoc', '2.9Kimbap Hàn Quốc.jpg', 2, 'Kimbap Hàn Quốc (Cơm cuộn rong biển) - món ăn ngon nổi tiếng của xứ sở Kim chi', 1, NULL, NULL),
(89, 'Sa kê chiên giòn', 'Sa ke chien gion', '2.10Sa kê chiên giòn.jpg', 2, 'Cây sa kê còn có tên gọi là cây bánh mì, xuất xứ từ các nước Châu Phi. Loại cây này mọc nhiều ở các nước nhiệt đới, cho tán lá rộng và quả to màu xanh', 1, NULL, NULL),
(90, 'Trứng chén nướng', 'Trung chen nuong', '2.11Trứng chén nướng.jpg', 2, 'Trứng chén nướng xuất hiện ở miền Trung và miền Nam đã khá lâu, thế nhưng món ăn này vẫn còn rất lạ lẫm với các bạn ngoài Bắc', 1, NULL, NULL),
(91, 'Bánh chiffon sữa chua', 'Banh chiffon sua chua', '2.12Bánh chiffon sữa chua.jpg', 2, 'Bánh chiffon sữa chua là món bánh tráng miệng mà khi ăn từng miếng bánh xốp mềm tan ngay trong miệng', 1, NULL, NULL),
(92, 'Lê chưng mát ngọt', 'Le chung mat ngot', '2.13Lê chưng mát ngọt.jpg', 2, 'Lê chưng mát ngọt là món ăn được bí như một bài thuốc chữa ho khan rất hiệu quả. Vị lê mát ngọt cùng hương gừng, quế, giúp xoa dịu và giảm ho rất hiệu quả.', 1, NULL, NULL),
(93, 'Bánh chiffon cam', 'Bnh chiffon cam', '2.14Bánh chiffon cam.jpg', 2, 'hiffon cam là loại bánh mềm xốp, nhẹ và thơm thơm mùi cam, vị ngon ngọt của bánh hài hòa cùng với vị chua ngọt của cam sẽ khiến bạn chẳng thể chối từ', 1, NULL, NULL),
(94, 'Bánh chiên nhân thịt nấm', 'Banh chien nhan thit nam', '2.15Bánh chiên nhân thịt nấm.jpg', 2, 'Bánh chiên nhân thịt nấm là món quà vặt quen thuộc với mọi người từ trẻ nhỏ tới người lớn', 1, NULL, NULL),
(95, 'Cà phê bạc xỉu', 'Ca phe bac xiu', '2.16Cà phê bạc xỉu.jpg', 2, 'Cà phê bạc xỉu có nguồn gốc nguyên thủy là cà phê sữa pha chế theo kiểu người Hoa, ít cà phê nhiều sữa', 1, NULL, NULL),
(96, 'Bánh chiên Doremon nhân khoai lang', 'Banh chien Doremon nhan khoai lang', '2.17Bánh chiên Doremon nhân khoai lang.jpg', 2, 'Bánh chiên Doremon là loại bánh nổi tiếng của Nhật Bản. Thường thì mọi người sẽ làm bánh rán doremon nhân kem hoặc là bánh rán doremon đâu đỏ nhưng hôm nay tụi mình sẽ làm nhân khoai lang thử nhé!', 1, NULL, NULL),
(100, 'Chân gà ngâm sả tắc cay', 'Chan ga ngam sa tac cay', '3.1Chân gà ngâm sả tắc cay.jpg', 3, 'Chân gà ngâm sả tắc - món ăn vặt đang làm mưa làm gió vừa hấp dẫn vừa khiến các bạn trẻ tò mò xem cách làm chân gà sả tắc như thế nào mà ngon được như vậy đấy.', 1, NULL, NULL),
(101, 'Bánh chiffon cam', 'Banh chiffon cam', '3.2Bánh chiffon cam.jpg', 3, 'Chiffon cam là loại bánh mềm xốp, nhẹ và thơm thơm mùi cam, vị ngon ngọt của bánh hài hòa cùng với vị chua ngọt của cam sẽ khiến bạn chẳng thể chối từ', 1, NULL, NULL),
(102, 'Súp bắp cua', 'Sup bắp cua', '3.3Súp bắp cua.jpg', 3, 'Tự tay chế biến súp bắp cua ở nhà không hề khó chút nào. Mời bạn tham khảo cách làm sau đây để chuẩn bị bữa sáng ngon lành cho cả nhà nhé.', 1, NULL, NULL),
(103, 'Bánh canh Nam Phổ xứ Huế', 'Banh canh Nam Pho xu Hue', '3.4Bánh canh Nam Phổ xứ Huế.jpg', 3, ' món ăn ngon đặc sản của người dân cố đô', 1, NULL, NULL),
(104, 'Kim chi Hàn Quốc', 'Kim chi Han Quoc', '3.5Kim chi Hàn Quốc.jpg', 3, 'món ngon đặc trưng của ẩm thực Hàn Quốc', 1, NULL, NULL),
(105, 'Bánh chả cua', 'Banh cha cua', '3.6Bánh chả cua.jpg', 3, 'Cách làm bánh chả cua ngon, đơn giản ', 1, NULL, NULL),
(106, 'Cơm cháy chà bông giòn rụm', 'Com chay cha bong gion rum', '3.7Cơm cháy chà bông giòn rụm.jpg', 3, 'món ăn vặt rất được các bạn teens nhà mình yêu thích.', 1, NULL, NULL),
(107, 'Trứng cút lộn xào me', 'Trung cut lon xao me', '3.8Trứng cút lộn xào me.jpg', 3, '\"ngon banh nóc\" là món ăn vặt chưa bao giờ hết hot ngoài hàng quán.', 1, NULL, NULL),
(108, 'Súp cua thập cẩm', 'Sup cua thap cam', '3.9Súp cua thập cẩm.jpg', 3, 'món ăn ngon thường làm món khai vị trong các bữa tiệc gia đình', 1, NULL, NULL),
(109, 'Chả lụa thịt gà', 'Cha lua thit ga', '3.10Chả lụa thịt gà.jpg', 3, 'Được biến tấu từ món giò heo, rất nhiều nguyên liệu như bò, gà được dùng làm giò ngày Tết.', 1, NULL, NULL),
(110, 'Bắp bò nhúng mẻ', 'Bap bo nhung me', '3.11Bắp bò nhúng mẻ.jpg', 3, 'Đây là món ngon dễ làm, dễ ăn và có thể dùng vào nhiều dịp khác nhau,', 1, NULL, NULL),
(111, 'Gỏi củ hũ dừa tôm thịt', 'Goi cu hu dua tom thit', '3.12Gỏi củ hũ dừa tôm thịt.jpg', 3, 'Cách làm gỏi củ hũ dừa tôm thịt được ngon đậm đà chắc chắn là nhờ phần nước sốt trộn gỏi siêu đặc biệt ngay dưới đây đó.', 1, NULL, NULL),
(112, 'Gỏi thịt bò trộn rau càng cua', 'Goi thit bo tron rau cang cua', '3.13Gỏi thịt bò trộn rau càng cua.jpg', 3, 'món gỏi khai vị thanh mát cho bữa cơm gia đình.', 1, NULL, NULL),
(113, 'Bánh bột lọc đậu xanh', 'Banh bot loc dau xanh', '3.14Bánh bột lọc đậu xanh.jpg', 3, 'Bánh Bột Lọc là món ngon đặc trưng của xứ Huế, nhưng với biến tấu này, món bánh bột lọc chay sẽ chiều lòng mọi người.', 1, NULL, NULL),
(114, 'Gỏi gà bắp cải', 'Goi ga bap cai', '3.15Gỏi gà bắp cải.jpg', 3, 'món ngon từ gà rất được ưa chuộng, thích hợp dùng làm món ăn khai vị cho bữa cơm gia đình', 1, NULL, NULL),
(115, 'Bánh bột mì Ấn Độ', 'Banh bot mi An Do', '3.16Bánh bột mì Ấn Độ.jpg', 3, 'Bánh Bột Mì Ấn Độ là món ăn sáng lạ miệng, thơm ngon, cho cả nhà', 1, NULL, NULL),
(120, 'Bầu xào nấm rơm', 'Bau xao nam rom', '4.1Bầu xào nấm rơm.jpg', 4, 'Bầu là một loại thức ăn vô cùng quen thuộc trong mâm cơm của người Việt', 1, NULL, NULL),
(121, 'Canh rau mồng tơi chay', 'Canh rau mong toi chay', '4.2Canh rau mồng tơi chay.jpg', 4, 'một trong những món canh chay mà nhà mình thích ăn nhất.', 1, NULL, NULL),
(122, 'Đậu hũ sốt Tứ Xuyên ngon', 'Dau hu sot Tu Xuyen ngon', '4.3Đậu hũ sốt Tứ Xuyên ngon.jpg', 4, 'trong top 10 món ăn ngon nổi tiếng Trung Quốc', 1, NULL, NULL),
(123, 'Bánh bột lọc chay', 'Banh bot loc chay', '4.4Bánh bột lọc chay.jpg', 4, 'bánh bột lọc chay sẽ chiều lòng mọi người.', 1, NULL, NULL),
(124, 'Trứng chiên đậu que', 'Trung chien dau que', '4.5Trứng chiên đậu que.jpg', 4, 'Lạ miệng với món trứng chiên đậu que (đậu cove), là một gợi ý nho nhỏ cho bữa cơm gia đình', 1, NULL, NULL),
(125, 'Chả giò bắp', 'Cha gio bap', '4.6Chả giò bắp.jpg', 4, 'Chả Giò Bắp là một món ngon được làm từ bắp, có thể ăn chơi hoặc ăn chay đều ngon.', 1, NULL, NULL),
(126, 'Salad rong biển', 'Salad rong bien', '4.7Salad rong biển.jpg', 4, 'Salad Rong Biển là món ngon biến tấu từ rong biển giúp giải nhiệt, tốt cho sức khỏe.', 1, NULL, NULL),
(127, 'Bánh bắp chiên giòn', 'Banh bap chien gion', '4.8Bánh bắp chiên giòn.jpg', 4, 'Bánh bắp chiên giòn rụm, béo ngọt, rất hấp dẫn cho các bé', 1, NULL, NULL),
(128, 'Bánh bao sữa chay', 'Banh bao sua chay', '4.9Bánh bao sữa chay.jpg', 4, 'đơn giản, giản dị làm cho bữa ăn sáng của cả nhà thêm phần hấp dẫn,', 1, NULL, NULL),
(129, 'Hủ tiếu chay', 'Hu tieu chay', '4.10Hủ tiếu chay.jpg', 4, 'ấp dẫn rất nhiều người bởi vị ngon ngọt thanh đạm', 1, NULL, NULL),
(130, 'Bánh chưng cho ngày Tết', 'Banh chung cho ngay Tet', '5.1Bánh chưng cho ngày Tết.jpg', 5, 'món ăn ngon không thể thiếu trên mâm cổ cúng, cho ngày đầu năm mới.', 1, NULL, NULL),
(131, 'Thịt trâu xào lá lốt', 'Thit trau xao la lot', '5.2Thịt trâu xào lá lốt.jpg', 5, 'món ăn ngon dễ làm nghe hơi lạ nhưng hương vị lại vô cùng quen thuộc đó.', 1, NULL, NULL),
(132, 'Ba ba nấu chuối', 'Ba ba nau chuoi', '5.3Ba ba nấu chuối.jpg', 5, 'thức ăn ngon, bổ.', 1, NULL, NULL),
(133, 'Bánh rán mặn', 'Banh ran man', '5.4Bánh rán mặn.jpg', 5, 'món ăn vặt và ăn sáng, dễ làm tại nhà.', 1, NULL, NULL),
(134, 'Bánh chưng gạo nếp lứt', 'Banh chung gao nep lut', '5.5Bánh chưng gạo nếp lứt.jpg', 5, 'món ngon ngày Tết, có màu đỏ đẹp mắt, đem đến nhiều may mắn và tài lộc cho ngày Tết của gia đình bạn', 1, NULL, NULL),
(135, 'Ruốc cá trắm thơm ngon', 'Ruoc ca tram thom ngon', '5.6Ruốc cá trắm thơm ngon.jpg', 5, 'thơm ngon', 1, NULL, NULL),
(136, 'Canh bí đỏ xương heo', 'Canh bi do xuong heo', '5.7Canh bí đỏ xương heo.jpg', 5, 'món ăn ngon cho cả gia đình rất bổ dưỡng', 1, NULL, NULL),
(137, 'Lẩu gà tiềm ớt hiểm', 'Lau ga tiem ot hiem', '5.8Lẩu gà tiềm ớt hiểm.jpg', 5, 'món ăn bổ dưỡng', 1, NULL, NULL),
(138, 'Cá hồi sốt cà chua', 'Ca hoi sot ca chua', '5.9Cá hồi sốt cà chua.jpg', 5, 'món ăn ngon lành cành đào', 1, NULL, NULL),
(139, 'Bò sốt tiêu đen', 'Bo sot tieu đen', '5.10Bò sốt tiêu đen.jpg', 5, 'một món vô dùng hấp dẫn', 1, NULL, NULL),
(140, 'Canh bí đỏ thịt bằm', 'Canh bi do thit bam', '5.11Canh bí đỏ thịt bằm.jpg', 5, 'món ngon dễ làm mà còn bổ dưỡng', 1, NULL, NULL),
(141, 'Nghêu hấp Thái', 'Ngheu hap Thai', '5.12Nghêu hấp Thái.jpg', 5, 'món ngon dễ làm của xứ sở Chùa Vàng', 1, NULL, NULL),
(142, 'Cá lóc kho nghệ béo cay', 'Ca loc kho nghe beo cay', '5.13Cá lóc kho nghệ béo cay.jpg', 5, 'món ăn tuyệt chiêu', 1, NULL, NULL),
(150, 'Gỏi xoài hàu', 'Goi xoai hau', '6.3.jpg', 7, 'hương vị độc lạ', 1, NULL, NULL),
(151, 'Tôm chiên double trứng muối', 'Tom chien double trung muoi', '6.8.jpg', 7, 'món cực kỳ phù hợp để dùng ăn vặt,', 1, NULL, NULL),
(152, 'Salad xúc xích nhồi bơ', 'Salad xuc xich nhoi bo', '6.12.jpg', 7, 'hưa vô cùng nhiều dưỡng chất', 1, NULL, NULL),
(153, 'Salad ức gà sốt Caesar - Caesar Salad', 'Salad uc ga sot Caesar - Caesar Salad', '6.18.jpg', 7, 'món salad nổi tiếng trên khắp thế giới có nguồn gốc từ Ý,', 1, NULL, NULL),
(154, 'Miến hoa đậu biếc trộn kiểu Thái', 'Mien hoa dau biec tron kieu Thai', '6.25.jpg', 7, 'cực kì lạ mắt và màu nhiệm', 1, NULL, NULL),
(155, 'Salad bơ giảm cân', 'Salad bo giam can', '6.29.jpg', 7, 'tốt cho sức khỏe, chứa nhiều vitamin, giúp làm đẹp da', 1, NULL, NULL),
(156, 'Gỏi rau càng cua bò tái lăn', 'Goi rau cang cua bo tai lan', '6.36.jpg', 7, 'món gỏi cực đơn giản dễ làm, vừa heo-thì vừa thanh mát, lại lạ miệng.', 1, NULL, NULL),
(157, 'Khoai tây kẹp xúc xích nướng sốt phô mai', 'Khoai tay kep xuc xich nuong sot pho mai', '6.42.jpg', 7, 'yêu thích, dễ chuẩn bị,', 1, NULL, NULL);

-- --------------------------------------------------------

--
-- Cấu trúc bảng cho bảng `messages`
--

CREATE TABLE `messages` (
  `id` bigint(20) UNSIGNED NOT NULL,
  `user_id` int(10) UNSIGNED NOT NULL,
  `message` text COLLATE utf8_unicode_ci NOT NULL,
  `created_at` timestamp NULL DEFAULT NULL,
  `updated_at` timestamp NULL DEFAULT NULL
) ENGINE=InnoDB DEFAULT CHARSET=utf8 COLLATE=utf8_unicode_ci;

--
-- Đang đổ dữ liệu cho bảng `messages`
--

INSERT INTO `messages` (`id`, `user_id`, `message`, `created_at`, `updated_at`) VALUES
(1, 18, 'alo', '2022-10-24 11:27:08', '2022-10-24 11:27:08'),
(2, 18, 'hehe', '2022-10-24 11:32:10', '2022-10-24 11:32:10'),
(3, 18, 'hi', '2022-10-24 11:33:55', '2022-10-24 11:33:55'),
(4, 2, 'alo', '2022-10-24 11:39:33', '2022-10-24 11:39:33'),
(5, 18, 'hi', '2022-10-24 11:41:15', '2022-10-24 11:41:15'),
(6, 2, 'kaka', '2022-10-24 11:44:00', '2022-10-24 11:44:00'),
(7, 18, 'vc', '2022-10-24 11:44:04', '2022-10-24 11:44:04'),
(8, 18, 'Cái méo gì vậy', '2022-10-24 11:44:44', '2022-10-24 11:44:44'),
(9, 18, 'hehe được rồi nè', '2022-10-24 11:45:56', '2022-10-24 11:45:56'),
(10, 2, 'làm gì được đâu', '2022-10-24 11:49:48', '2022-10-24 11:49:48'),
(11, 18, 'hjx', '2022-10-24 12:06:15', '2022-10-24 12:06:15'),
(12, 18, 'nản vãi', '2022-10-24 12:06:19', '2022-10-24 12:06:19'),
(13, 18, 'nản r', '2022-10-24 12:08:33', '2022-10-24 12:08:33'),
(14, 2, 'hello', '2022-10-25 01:11:19', '2022-10-25 01:11:19'),
(15, 15, 'hihihiih', '2022-10-25 01:11:25', '2022-10-25 01:11:25'),
(16, 2, 'kaka', '2022-10-25 01:12:02', '2022-10-25 01:12:02'),
(17, 2, 'hhhhhhhhhhh', '2022-10-25 01:12:09', '2022-10-25 01:12:09'),
(18, 2, 'alo', '2022-10-25 01:15:26', '2022-10-25 01:15:26'),
(20, 2, 'hi', '2022-10-28 09:25:09', '2022-10-28 09:25:09'),
(21, 2, 'kaka', '2022-10-28 09:25:17', '2022-10-28 09:25:17'),
(22, 2, 'hihi', '2022-10-28 09:25:58', '2022-10-28 09:25:58'),
(23, 2, 'kaka', '2022-10-28 09:26:01', '2022-10-28 09:26:01'),
(24, 2, 'kaka', '2022-10-28 22:58:47', '2022-10-28 22:58:47'),
(25, 2, 'hehe', '2022-10-28 22:58:59', '2022-10-28 22:58:59'),
(26, 2, 'hello', '2022-10-30 01:07:57', '2022-10-30 01:07:57'),
(27, 15, 'chào nha', '2022-10-30 01:08:04', '2022-10-30 01:08:04'),
(28, 15, 'hihihih', '2022-10-30 01:08:39', '2022-10-30 01:08:39'),
(29, 3, 'chào tất cả mọi người', '2022-10-30 02:17:25', '2022-10-30 02:17:25'),
(30, 4, 'hello mn', '2022-10-30 02:20:43', '2022-10-30 02:20:43'),
(31, 2, 'alo', '2022-10-30 02:28:18', '2022-10-30 02:28:18'),
(32, 2, 'hello', '2022-10-30 23:03:07', '2022-10-30 23:03:07'),
(33, 15, 'chào nha', '2022-10-30 23:03:35', '2022-10-30 23:03:35'),
(34, 2, 'oh ho', '2022-10-30 23:03:42', '2022-10-30 23:03:42'),
(35, 15, 'chào mn nhé', '2022-10-30 23:23:49', '2022-10-30 23:23:49'),
(36, 2, 'uk chào', '2022-10-30 23:23:55', '2022-10-30 23:23:55'),
(37, 15, 'chào mọi người nha hôm nay mới online', '2022-11-01 07:22:56', '2022-11-01 07:22:56'),
(38, 2, 'hi', '2022-11-04 01:02:45', '2022-11-04 01:02:45'),
(39, 3, 'chao mn', '2022-11-04 01:02:56', '2022-11-04 01:02:56'),
(40, 2, 'hello', '2022-11-04 01:03:16', '2022-11-04 01:03:16'),
(41, 3, 'hôm nay bà tan vlog sẽ làm món mì siêu cay khổng lồ', '2022-11-04 01:04:11', '2022-11-04 01:04:11'),
(42, 2, 'alo', '2022-11-05 20:24:58', '2022-11-05 20:24:58'),
(43, 2, 'hello', '2022-11-06 07:53:09', '2022-11-06 07:53:09'),
(44, 2, 'alo alo', '2022-11-09 10:10:04', '2022-11-09 10:10:04'),
(45, 2, '11/11/2022', '2022-11-10 22:09:51', '2022-11-10 22:09:51'),
(46, 2, 'alo alo alo', '2022-11-10 22:43:05', '2022-11-10 22:43:05'),
(47, 15, 'hi', '2022-11-11 01:24:46', '2022-11-11 01:24:46'),
(48, 19, 'alo', '2022-11-11 07:12:37', '2022-11-11 07:12:37'),
(49, 20, '?????', '2022-11-12 05:15:42', '2022-11-12 05:15:42'),
(50, 20, '123', '2022-11-12 05:16:03', '2022-11-12 05:16:03'),
(51, 2, 'hehe', '2020-03-05 06:29:36', '2020-03-05 06:29:36'),
(52, 3, 'alo alo', '2020-04-01 18:31:52', '2020-04-01 18:31:52');

-- --------------------------------------------------------

--
-- Cấu trúc bảng cho bảng `migrations`
--

CREATE TABLE `migrations` (
  `id` int(10) UNSIGNED NOT NULL,
  `migration` varchar(255) COLLATE utf8mb4_unicode_ci NOT NULL,
  `batch` int(11) NOT NULL
) ENGINE=InnoDB DEFAULT CHARSET=utf8mb4 COLLATE=utf8mb4_unicode_ci;

--
-- Đang đổ dữ liệu cho bảng `migrations`
--

INSERT INTO `migrations` (`id`, `migration`, `batch`) VALUES
(1, '2014_10_12_000000_create_users_table', 1),
(2, '2014_10_12_100000_create_password_resets_table', 1),
(3, '2022_09_16_102024_slide', 1),
(4, '2022_09_16_171140_category', 1),
(5, '2022_09_17_161407_dish', 1),
(6, '2022_09_17_161736_recipes', 1),
(7, '2022_09_17_163223_comment', 1),
(9, '2022_10_24_142140_create_websockets_statistics_entries_table', 3);

-- --------------------------------------------------------

--
-- Cấu trúc bảng cho bảng `password_resets`
--

CREATE TABLE `password_resets` (
  `email` varchar(255) COLLATE utf8mb4_unicode_ci NOT NULL,
  `token` varchar(255) COLLATE utf8mb4_unicode_ci NOT NULL,
  `created_at` timestamp NULL DEFAULT NULL
) ENGINE=InnoDB DEFAULT CHARSET=utf8mb4 COLLATE=utf8mb4_unicode_ci;

-- --------------------------------------------------------

--
-- Cấu trúc bảng cho bảng `recipes`
--

CREATE TABLE `recipes` (
  `id` int(10) UNSIGNED NOT NULL,
  `name` varchar(255) COLLATE utf8mb4_unicode_ci NOT NULL,
  `id_dish` int(10) UNSIGNED NOT NULL,
  `id_user` int(11) UNSIGNED NOT NULL,
  `amount` int(11) NOT NULL,
  `materials` varchar(1000) CHARACTER SET utf8 COLLATE utf8_unicode_ci NOT NULL,
  `eater` int(11) NOT NULL,
  `time` int(11) NOT NULL,
  `step_1` varchar(1000) COLLATE utf8mb4_unicode_ci NOT NULL,
  `image_1` varchar(255) COLLATE utf8mb4_unicode_ci NOT NULL,
  `step_2` varchar(1000) COLLATE utf8mb4_unicode_ci NOT NULL,
  `image_2` varchar(255) COLLATE utf8mb4_unicode_ci NOT NULL,
  `step_3` varchar(1000) COLLATE utf8mb4_unicode_ci DEFAULT NULL,
  `image_3` varchar(255) COLLATE utf8mb4_unicode_ci DEFAULT NULL,
  `step_4` varchar(1000) COLLATE utf8mb4_unicode_ci DEFAULT NULL,
  `image_4` varchar(255) COLLATE utf8mb4_unicode_ci DEFAULT NULL,
  `step_5` varchar(1000) COLLATE utf8mb4_unicode_ci DEFAULT NULL,
  `image_5` varchar(255) COLLATE utf8mb4_unicode_ci DEFAULT NULL,
  `step_6` varchar(1000) COLLATE utf8mb4_unicode_ci DEFAULT NULL,
  `image_6` varchar(255) COLLATE utf8mb4_unicode_ci DEFAULT NULL,
  `step_7` varchar(1000) CHARACTER SET utf8 COLLATE utf8_unicode_ci DEFAULT NULL,
  `image_7` varchar(255) CHARACTER SET utf8 COLLATE utf8_unicode_ci DEFAULT NULL,
  `level` int(11) NOT NULL,
  `status` int(11) NOT NULL DEFAULT 1,
  `number_like` int(11) DEFAULT 0,
  `number_view` int(11) DEFAULT 320,
  `created_at` timestamp NULL DEFAULT NULL,
  `updated_at` timestamp NULL DEFAULT NULL
) ENGINE=InnoDB DEFAULT CHARSET=utf8mb4 COLLATE=utf8mb4_unicode_ci;

--
-- Đang đổ dữ liệu cho bảng `recipes`
--

INSERT INTO `recipes` (`id`, `name`, `id_dish`, `id_user`, `amount`, `materials`, `eater`, `time`, `step_1`, `image_1`, `step_2`, `image_2`, `step_3`, `image_3`, `step_4`, `image_4`, `step_5`, `image_5`, `step_6`, `image_6`, `step_7`, `image_7`, `level`, `status`, `number_like`, `number_view`, `created_at`, `updated_at`) VALUES
(3, 'Thịt băm bọc trứng sốt cà chua', 1, 2, 13, 'Thịt heo bằm 100 gr,\r\n Cà chua 2 quả,\r\n Đậu hũ non 50 gr,\r\n Hành tím 10 gr,\r\n Hành lá 5 gr,\r\n Bơ lạt 5 gr,\r\n Dầu ăn 10 ml,\r\n Nước 30 ml,\r\n Hạt nêm 2 muỗng canh,\r\n Đường trắng 2 muỗng cà phê,\r\n Tiêu 1/2 muỗng cà phê,\r\n Nước tương 1 muỗng canh,\r\n Nước mắm 2 muỗng canh', 2, 35, 'Đầu tiên là sơ chế các nguyên liệu. Trứng cút luộc chín sau đó bóc vỏ. Cắt hạt lựu lần lượt đậu hũ non, cà chua; băm nhỏ hành tím và cuối cùng là cắt nhỏ hành lá.', 'Cb8Z_1.jpg', 'Cho 50gr đậu hũ non, 5gr hành tím, 5gr hành lá vào tô thịt bằm. Sau đó nêm thêm 1tbs hạt nêm, 1tsp đường, 1/2 tsp tiêu, 1tbs nước tương, 1tbs nước mắm. Trộn đều các nguyên liệu và sau đó ướp khoảng 10-15 phút cho thịt ngấm đều gia vị bạn nhé. Lấy khoảng 12gr thịt đã tẩm ướp dàn đều lên tay và đặt 1 trái trứng cút vào giữa, vo tròn lại sao cho thịt ôm trọn lấy trứng là thành công nhé các bạn.', '6kqq_2.jpg', 'Làm nóng dầu ăn trên chảo, sau đó cho lần lượt các viên thịt vào, chiên cho thịt chín, bên ngoài vàng đều, cháy xém nhẹ một chút là cực ngon rồi nha.', 'G4H4_3.jpg', 'Phần tiếp theo là làm sốt cà chua phô mai, một phần linh hồn của món ăn đây rồi. Mình làm nóng chảo, rồi cho 5ml dầu ăn vào, tiếp theo đun chảy 10gr bơ lạt. Khi bơ lạt tan chảy thì cũng là lúc mình cho thêm hành tím phi lên cho dậy mùi thì cho cà chua vào chảo. Nêm sốt 1tbs nước mắm, 1/2 tbs đường, 2 tbs hạt nêm, đun tới lúc cà chua mềm nhũn và phấn sốt sền sệt là công đoạn làm sốt đã đi được một nửa rồi.', '1mui_4.jpg', 'Tiếp theo mình cho thêm 10ml nước, 10ml sữa tươi, 5gr sốt phô mai rồi quậy đều cho hỗn hợp hoà quyên với nhau, đun sôi lên thì cho thịt viên vào chảo đảo đều cho thấm sốt. Vậy là mình đã hoàn thành xong món ăn rồi đấy.', 'JOxQ_5.jpg', 'Đây là thành phẩm của mình, trông thiệt ngon mắt phải không nào.', 'U49Z_6.jpg', NULL, NULL, 1, 1, 4, 322, '2022-09-25 23:10:33', '2020-05-17 11:09:30'),
(4, 'Bánh canh trứng cút ngon', 27, 2, 10, 'Bột gạo 400 gr,\r\n Xương heo 300 gr,\r\n Sườn non 300 gr,\r\n Trứng cút 20 quả,\r\n Hành lá 2 cây,\r\n Ngo rí 2 nhánh,\r\n Hạt nêm 1 muỗng canh,\r\n Muối 1/2 muỗng cà phê,\r\n Bột ngọt 1/2 muỗng cà phê,\r\n Tiêu 1/2 muỗng cà phê', 2, 30, 'Rửa sạch hành lá và ngò rí, cắt nhỏ. Luộc chín trứng cút, bóc vỏ.', 'pL9k_1.3.jpg', 'Làm bánh canh: Bột gạo đổ ra 1 tô thật to, chừa 1 chút bột để làm bột áo. Đun nước sôi già rồi rót từ từ vào bột, tỉ lệ khoảng 3 bột 1 nước, rồi nhanh tay nhào bột. Vắt bột thành từng vắt to bằng quả cam, cán bột thành từng miếng mỏng. Lúc cán nhớ cho bột áo để bột không bị dính. Cắt bột thành sợi bánh canh vừa ăn.', 'osiw_1.7.jpg', 'Cách nấu nước dùng bánh canh xương heo: Cho xương vào nồi, nấu khoảng 1 tiếng. Nêm hạt nêm, muối, bột ngọt, tiêu. Chú ý hớt bọt để nước dùng trong. Khi thấy nồi nước đã ngọt, vớt xương ra, cho sườn vào đun thêm 1 lúc cho sườn đủ chín là được.', '8htP_1.9.jpg', 'Dùng 1 chiếc vá như hình trên cho bột vào, rồi nhúng vào nồi nước. Chú ý nhúng sao cho bột ngập nước. Đợi sôi 2 phút.', 'tPTn_1.11.jpg', 'Sau khi sợi bánh canh chín thì cho vào tô. Xếp trứng cút lên, múc nước sườn vào. Rắc hành lá và ngò rí. Nếu thích cay có thể cho thêm ớt. Bánh canh xương trứng cút với hương vị đậm đà, thơm ngon, mời cả nhà ăn sáng rất hấp dẫn đấy nhé!', 'jiJs_1.12.jpg', '', '', NULL, NULL, 1, 1, 3, 322, '2022-10-01 06:58:44', '2020-05-17 11:10:52'),
(5, 'Xôi vò ngon', 28, 2, 5, 'Gạo nếp 500 gr,\r\n Đậu xanh 250 gr,\r\n Muối 1/2 muỗng cà phê,\r\n Đường trắng 2 muỗng canh,\r\n Nước cốt dừa 50 ml', 4, 60, 'Ngâm đậu xanh qua đêm rồi vo sạch, cho vào nồi nấu chín với 1/2 muỗng cà phê muối.\r\n Dùng chày giã nhuyễn đậu xanh đã chín rồi vo lại thành từng nắm.\r\n Bạn cũng có thể dùng muỗng tán nhuyễn mịn đậu xanh nếu không có chày nhé! Xôi vò ngon chính là chọn được đậu xanh còn mới, hạt nhỏ, không bị lẫn nhiều tạp chất.', 'GnlM_2.3.jpg', 'Vo sạch gạo nếp, ngâm qua đêm, để ráo nước.\r\n Bước ngâm gạo nếp qua đêm rất quan trọng. Nhờ bước này, xôi vò khi nấu lên sẽ được dẻo, xốp mềm và không bị sượng.', '4lz8_2.4.jpg', 'Cho gạo nếp vào khăn sạch, lau cho thật ráo nước.\r\n Chọn các loại khăn có độ thấm hút nước tốt để lau. Gạo nếp càng ráo thì nấu xôi vò càng ngon, càng khéo', 'PKj4_2.6.jpg', 'Cho gạo nếp vào khăn sạch, lau cho thật ráo nước.\r\n Chọn các loại khăn có độ thấm hút nước tốt để lau. Gạo nếp càng ráo thì nấu xôi vò càng ngon, càng khéo.\r\n Cách nấu xôi vò: Cho gạo nếp vào chõ hấp xôi vò. Hấp khoảng 15 phút thì cho 2 muỗng canh đường và 50ml nước cốt dừa vào, trộn đều. Hấp thêm khoảng 5-7 phút nữa cho xôi vò chín rồi đổ ra đĩa lớn.\r\n Trong quá trình hấp, nhớ lấy khăn sạch lau khô nắp chõ để nước không đọng, rơi xuống làm ẩm, ướt xôi vò.', 'ps0a_2.7.jpg', 'Nhanh tay dùng đũa xới đều xôi vò với 1/4 đậu xanh bào còn lại. Trộn cho xôi thật tơi.', 'OGRf_2.8.jpg', 'Cho xôi vò ra đĩa và tha hồ thưởng thức. Xôi vò ăn nóng hay nguội đều có vị ngon riêng. Nếu buổi sáng không có thời gian ăn tại nhà thì bạn cho xôi vò vào từng túi và đưa cho mọi người trong gia đình mang đến trường, nơi làm việc để ăn. Cách nấu xôi vò đơn giản quá chừng phải không, có thể bảo quản trong tủ lạnh khoảng 2 ngày. Bạn nhớ bọc kín xôi trong túi zip hoặc đậy đĩa/ tô xôi bằng màng bọc thực phẩm để xôi vò không bị khô nhé!', 'J3B7_2-Xôi vò.jpg', NULL, NULL, 3, 1, 2, 320, '2022-10-01 07:05:03', '2020-05-16 18:38:44'),
(6, 'Bánh canh thịt vịt', 29, 2, 14, 'Thịt vịt 1/2 con,\r\n Nấm bào ngư 300 gr,\r\n Gừng 1 củ,\r\n Hành lá 2 cây,\r\n Rượu trắng 200 ml,\r\n Hạt nêm 1/2 muỗng cà phê,\r\n Muối 3/2 muỗng cà phê,\r\n Đường trắng 1 muỗng cà phê,\r\n Hành tím băm 1 muỗng cà phê,\r\nNgo rí 10 gr,\r\n Dầu điều 2 muỗng cà phê,\r\n Bột gạo 400 gr,\r\n Bột năng 50 gr,\r\n Tiêu 1/2 muỗng cà phê', 4, 40, 'Cách làm bánh canh bột xắt: Trộn lẫn bột gạo với bột năng ra thau lớn, thêm 1/2 muỗng cà phê muối, trộn đều. Đổ từ từ nước sôi nóng già, vừa đổ vừa dùng muôi gỗ trộn bột. Dùng tay nhồi đến khi hỗn hợp bột thành mịn, dẻo. Cán cho cục bột dẹt ra, mỏng đều. Dùng dao bén cắt bột thành từng sợi dài, khi cắt nhớ áo một ít bột để chống dính. Cắt bỏ chân nấm, rửa sạch, ngâm vào thau nước lạnh có pha một ít muối khoảng 10 phút. Rửa sạch hành lá và ngò rí, cắt nhỏ.', '34bB_3.5.jpg', 'Rửa sạch gừng, giã gừng, trộn chung với rượu trắng. Vịt rửa sạch, chặt nhỏ, chà hỗn hợp gừng và rượu trắng lên khắp thân vịt, để khoảng 20 phút sau đó rửa lại cho thật sạch, để vịt lên rổ cho ráo nước.', 'n4lP_3.7.jpg', 'Phần vịt sau khi ráo nước, cho ra thau lớn, thêm hành tím băm, 1 muỗng cà phê muối, đường, hạt nêm, tiêu và một ít gừng giã nhuyễn, trộn đều, ướp khoảng 2-3 tiếng.', 'tS3h_3.8.jpg', 'Đun nóng dầu điều, phi tỏi thơm, cho hỗn hợp thịt vịt đã ướp vào nồi, đun lửa lớn đến khi sôi thì đun lửa nhỏ, đổ 1.5 lít nước lạnh vào nồi đun sôi đến khi vịt mềm.', 'mqUw_3.9.jpg', 'Thả nấm vào nồi vịt đang đun, nêm nếm lại gia vị cho vừa ăn. Thả sợi bánh canh đã cắt vào nồi thịt vịt, đun sôi đến khi sợi bánh canh nổi trong, nêm nếm lại gia vị tùy theo khẩu vị.', 'NMpJ_3.10.jpg', 'Tắt bếp, thêm hành lá, ngò rí vào. Múc bánh canh vịt ra chén/tô dùng nóng. Với cách nấu bánh canh vịt, nếu thích bạn có thể thêm tiết lợn, hay trứng cút vào nồi bánh canh, hương vị sẽ thêm thơm ngon nhé. Vào bếp làm ngay bánh canh vịt đãi cả nhà ăn sáng ngon miệng nhé!', 'RyAM_3.11.jpg', NULL, NULL, 2, 1, 3, 320, '2022-10-01 07:09:30', '2020-05-17 10:47:20'),
(7, 'Bánh canh chả cá', 30, 2, 12, 'Bột gạo 2 chén,\r\n Bột năng 250 gr,\r\n Phi lê cá 500 gr\r\n(Cá thác lác),\r\n Ớt 1 trái,\r\n Xương ống 1 kg,\r\n Hành lá 1/2 cây,\r\n Nước mắm 2 muỗng canh,\r\n Đường trắng 1 muỗng cà phê,\r\n Tiêu 1/2 muỗng cà phê,\r\n Ngò rí 5 gr,\r\n Hạt nêm 1 muỗng cà phê,\r\n Muối 1/2 muỗng cà phê', 4, 45, 'Ninh nước dùng từ xương lợn khoảng 2 giờ, trong quá trình đun nhớ vớt bọt để nước dùng được trong.', 'tNWP_4.1.jpg', 'Trộn bột năng với bột gạo với nhau. Đun nước sôi, rưới đều lên bột rồi nhồi đến khi hỗn hợp bột đó mềm mịn, dai là được. Chia bột thành từng viên tròn bằng nắm tay, dùng chai cán mỏng rồi thái thành từng sợi to bằng đầu đũa.\r\n Để tiết kiệm thời gian làm bánh canh chả cá, bạn có thể tìm mua bánh canh bột gạo bán sẵn ở các chợ và siêu thị.', 'PP5u_4.2.jpg', 'Quết nhuyễn thịt phi lê cá với đầu hành, muối, đường, hạt nêm, tiêu. Quết đến khi thấy phần thịt cá dai, dẻo dính vào nhau là được.\r\n Cách làm bánh canh chả cá cực nhất là ở bước này đó. Quết càng mạnh tay và càng lâu thì chả cá càng dai ngon.', 'Lvu6_4.3.jpg', 'Vớt bỏ phần xương trong nước dùng bánh canh chả cá, nêm nước mắm, hạt nêm vào nước dùng cho vừa ăn. Dùng muỗng chia từng viên chả cá thành miếng vừa ăn rồi cho vào nồi nước dùng, khuấy đều.\r\n Nếu có thời gian thì có thể chiên hoặc hấp chả cá để bánh canh chả cá hấp dẫn hơn.', 'xXug_4.4.jpg', 'Đun sôi một nồi nước khác, cho sợi bánh canh vào chần sơ qua. Xả lại bằng nước lạnh rồi để ráo. Khi nước dùng bánh canh chả cá đã chuẩn bị xong, cho tiếp sợi bánh canh đã chần vào rồi đun sôi, nêm nếm lại cho hợp khẩu vị gia đình nếu cần.', 'mvwr_4.5.jpg', 'Múc bánh canh chả cá ra tô và thưởng thức. Bánh canh chả cá dùng nóng với ít hành ngò, thêm chén nước mắm ớt kế bên là hết sảy. Vào những ngày mưa hay tiết trời se lạnh được măm măm 1 tô bánh canh chả cá nóng hôi hổi thì còn gì bằng! Cuối tuần các bạn nhất định phải thử cách làm bánh canh chả cá này để đãi gia đình nhé!\r\n Cho xương lợn vào túi lưới rồi mới cho vào nồi hầm. Túi lưới sẽ giúp nước dùng bánh canh chả cá không bị lẫn những mảnh xương nhỏ, ăn ngon hơn. \"', 'JKMH_4.6.jpg', NULL, NULL, 2, 1, 2, 321, '2022-10-01 07:12:48', '2020-05-17 11:11:05'),
(8, 'Bánh canh cá lóc Quảng Trị', 31, 2, 7, 'Cá 1 con,\r\n Bột gạo 300 gr,\r\n Kẹo caramel 200 lá,\r\n Đường 200 gr,\r\n Tiêu 50 gr,\r\n Cá xay 500 gr,\r\n Ớt 3 trái', 4, 30, 'Chặt cá lóc thành miếng vừa ăn, rửa sạch nguyên liệu. Luộc cá vừa chín tới, vớt cá ra ngoài. Phi hành cùng ớt chín vàng. Cho hỗn hợp vừa phi chín tới vào nước cá đã luộc.', 'ftsb_5.2.jpg', 'Cách nấu bánh canh cá lóc: Tách thịt cá ra khỏi xương lựa phần nạc bỏ riêng sang 1 tô, tiếp tục cho nước đun sôi trong 10 phút. Cho cá xay đã vo viên tròn (nếu các bạn khéo tay tạo hình cho cá viên thành hình tròn sẽ ngon mắt hơn) vào trong nấu chín. Cho gia vị đã chuẩn bị vào nêm vừa ăn. Chú ý: nêm tiêu vào lúc cuối cùng vì tiêu chính là hương vị chính làm dậy mùi của món ăn.', '56Yc_5.5.jpg', 'Cho hành lá đã thái nhỏ lên bên trên, trang trí ra tô. Vậy là đã có món bánh canh cá lóc đúng điệu đất Quảng Trị rồi. Hãy lưu lại cách làm bánh canh cá lóc đặc trưng của vùng đất Quảng Trị nhé. Hứa hẹn sẽ là món banh cá lóc đổi vị cho cả nhà cuối tuần đấy.', 'jkKW_5.7.jpg', '', '', '', '', '', '', NULL, NULL, 1, 1, 2, 320, '2022-10-01 07:15:29', '2020-05-17 10:51:56'),
(9, 'Bánh burger thịt heo', 32, 2, 11, 'Thịt heo bằm 283 gr,\r\n Bánh mì 2 cái\r\n(Burger),\r\n Sốt tương đen 2 muỗng canh,\r\n Gừng 1 miếng,\r\n Giấm 1 muỗng canh,\r\n Củ cải đỏ 85 gr,\r\n Sốt Mayonnaise 2 muỗng canh,\r\n Bông cải xanh 9/4 gr,\r\n Muối 3/2 muỗng cà phê,\r\n Tiêu 3/2 muỗng cà phê,\r\n Dầu olive 1 muỗng canh', 2, 25, 'Rửa sạch củ cải đỏ, bông cải xanh, để ráo nước. Bông cải xanh cắt bỏ phần thân, thái nhỏ. Gừng rửa sạch, gọt vỏ, thái nhỏ. Bánh burger cắt làm đôi. Củ cải thái lát mỏng, cho củ cải vào bát ướp cùng giấm và dầu olive. Trong một chiếc bát nhỏ, cho mayonnaise, 1/2 phần sốt tương đen, 1/2 muỗng cà phê muối và hạt tiêu vào khuấy đều, để riêng.', 'Xong_6.1.jpg', 'Chế biến bông cải xanh: Cho bông cải xanh lên khay nướng, cho dầu olive, 1/2 muỗng cà phê muối và hạt tiêu vào trộn đều. Cho khay súp lơ vào lò và nướng khoảng 16-18 phút hoặc đến khi bông cải chín, chuyển màu. Tắt lò, lấy khay bông cải ra, cho dầu mè vào trộn đều.\r\n Cách làm hamburger thịt heo này ngon hơn là nhờ có bông cải nướng này đó, các bạn không được bỏ qua nha !', 'UF4f_6.2.jpg', 'Cách làm nhân bánh hamburger: Trong một chiếc bát, cho thịt heo xay, gừng thái nhỏ, phần nước sốt tương đen còn lại, thêm 1/2 muỗng cà phê muối và hạt tiêu vào trộn đều. Chia hỗn hợp thịt thành 2 phần bằng nhau có độ dày khoảng 1,25cm. Để riêng ra đĩa. Đun nóng chảo cùng chút dầu olive, cho thịt heo đã viên vào chiên mỗi mặt khoảng 3 - 5 phút hoặc cho đến khi thịt chín, sém cạnh. Gắp ra đĩa, dùng giấy bạc bọc lại để thịt nóng.', '7oZU_6.3.jpg', 'Nướng bánh burger: Cho bánh mì vào áp chảo khoảng 1 - 2 phút cho đến khi bánh mì sém cạnh. Gắp ra đĩa để riêng. Cho bánh mì lên đĩa, rưới nước sốt lên trên bánh mì, xếp thịt heo rồi củ cải đỏ lên rồi kẹp miếng bánh còn lại lên trên cùng. Ăn bánh burger cùng súp lơ xanh vừa nướng sẽ rất ngon, lại đầy đủ dinh dưỡng.', 'tPHf_6.4.jpg', 'Bánh burger thịt heo với lớp vỏ mềm, củ cải giòn, nước sốt béo ngậy bọc lấy nhân thịt heo xay đậm đà, ăn kèm bông cải xanh nướng vừa ngon vừa đầy đủ dinh dưỡng. Cách làm bánh burger heo lại không hề khó, các bạn có thể tự làm ở nhà để giúp bữa ăn sáng của gia đình thêm phần thú vị nha !', 'cAEq_6.6.jpg', '', '', NULL, NULL, 2, 1, 2, 320, '2022-10-01 07:24:08', '2020-05-17 10:51:59'),
(10, 'Bánh canh cá lóc miền Tây', 33, 2, 13, 'Cá lóc 500 gr,\r\n Hạt nêm 1/2 muỗng canh,\r\n Muối 1/2 muỗng canh,\r\n Cà chua 1 trái,\r\n Ngò rí 20 gr,\r\n Tiêu 1 muỗng cà phê,\r\n Hành tím 1 củ,\r\n Chả cá 500 gr,\r\n Hành lá 20 gr,\r\n Hẹ 20 gr,\r\n Giá đỗ 20 gr,\r\n Nước 2 lít,\r\n Bánh canh 400 gr', 4, 25, 'Sơ chế cá lóc, thái mỗi con làm 5 phần. Lưu ý cá lóc khi mua về nên được xát chanh hoặc muối để cá sạch bạn nhé. Bỏ cá lóc vào nồi và đổ khoảng 200ml nước (hoặc 1/3 dung tích nồi nấu). Bật lửa nấu trong khoảng 10 - 15 phút sau đó tắt bếp và vớt cá ra, để ráo khoảng 5 phút.\r\n Sở dĩ không đổ nước vào nhiều là do thịt cá rất dễ bị bở, ngoài ra bước này bạn khoan hãy phi hành. Một số ý cho rằng nên chiên cá hoặc phi hành sẽ khử được mùi tanh, thế nhưng như vậy sẽ khiến bánh canh của bạn trở nên đầy dầu mỡ. Chỉ cần xát chanh và muối ở bước sơ chế là được rồi bạn nhé, cá sẽ giữ được độ ngọt và mềm', 'qne9_7.1.jpg', 'Chuẩn bị nguyên liệu đi kèm, bao gồm: chả cá, giá, hẹ, hành, ngò, cà chua và bánh canh. Chả cá mua ngoài hay bị gắt dầu, tốt hơn hết hãy chần sơ qua nước nóng bạn nhé. Rửa sạch giá, hẹ, hành, ngò và cà chua. Sau đó thái hành, hẹ ra từng khúc, cà chua xắt dọc làm 4 để nấu cùng nước lèo. Về bánh canh, khi mua về hãy chịu khó chần qua nước đun sôi bạn nhé, bánh sẽ ngon hơn và khử được mùi chua vốn có.\r\n Cần rửa sạch gốc hẹ và hành bạn nhé, nên dùng muối để ngâm rau.', 'EToO_7.2.jpg', 'Nấu bánh canh cá lóc miền Tây: dùng lại phần nước đã luộc cá trước đó, đổ gần đầy nồi nấu, bỏ cà chua đã thái vào nồi. Cho 1/2 muỗng canh muối và 1/2 muỗng canh hạt nêm, tùy bạn thích ăn mặn ngọt như nào có thể bổ sung thêm nhé.\r\n Giá, hẹ nên được trần riêng ở nồi nước sôi khác nhé, để tránh nước lèo của bạn có vị \"\"lạ\"\".', 'qL91_7.3.jpg', 'Đậy nắp đung sôi và trong thời gian này bạn có thể tiến hành rút xương cá, chuẩn bị tô cho cả nhà rồi! Tăng hương vị cho nước dùng thông qua hành tím phi và chút ngò, hành nhé.\r\n Khi hành đã được phi xong, bạn tắt bếp và bỏ ngay vào chảo ngò và tiêu nhé, sau đó bỏ hỗn hợp vào nồi nước dùng. Đây là bí kíp khá hay để tăng hương thơm cho các loại nước dùng đấy!', '3nFU_7.6.jpg', 'Bước cuối cùng là đổ nước dùng vào tô đã chuẩn bị sẵn. Bánh canh cá lóc thành phẩm có hương vị thơm ngon, ngọt tự nhiên của cả lóc. Đặc biệt với cách nấu bánh canh cá lóc miền Tây này, nước dùng sẽ cực đậm vị, lại giúp thanh nhiệt cho ngày nắng nóng. Chúc cả nhà thành công!', 'e8hX_7.8.jpg', '', '', NULL, NULL, 1, 1, 2, 320, '2022-10-01 07:26:59', '2020-05-17 10:52:00'),
(11, 'Bánh burger mini', 34, 2, 7, 'Bột mì 200 gr,\r\n Bơ 14 gr,\r\n Muối 5 gr,\r\n Đường trắng 16 gr,\r\n Trứng gà 1 quả,\r\n Sữa tươi 100 gr,\r\n Mè trắng 1 chén', 2, 100, 'Trộn bột làm bánh burger: bột mì, bơ, muối, đường, trứng, sữa tươi vào trộn đều với nhau rồi đem ủ ở nhiệt độ thường khoảng 1 tiếng.', 'g0aZ_8.1.jpg', 'Sau đó chia bột thành 9 phần đều nhau, tiếp tục ủ trong 50 phút nữa trong nhiệt độ (35-40 độ C).', '9j3u_8.2.jpg', 'Sau khi ủ bột xong, rắc mè trắng lên trên rồi đem nướng ở 200 độ C trong 10 phút.', 'deic_8.3.jpg', 'Bánh gurger chín vàng đem ra. Tròn tròn, nhỏ nhắn, thơm thơm, rất tiện để mang đi ăn trong các buổi dã ngoại nữa đấy! Bánh burger sau khi chia bột xong các bạn có thể bọc lại để tủ lạnh sáng rã đông rồi ủ lần 2 cho lớn là nướng bình thường rồi, rất tiện phải không nào. Có thể cắt đôi, kẹp rau xà lách, thịt nguội, phô mai vào trong, ăn chả khác gì ngoài tiệm luôn.', 'qIZK_8.5.jpg', '', '', '', '', NULL, NULL, 2, 1, 1, 320, '2022-10-01 07:28:42', '2020-05-16 18:38:58'),
(12, 'Bánh canh cá bớp', 3, 2, 18, 'Cá bớp 500 gr,\r\n Xương heo 300 gr,\r\n Cà rốt 200 gr,\r\n Củ cải trắng 200 gr,\r\n Nấm rơm 150 gr,\r\n Trứng cút 10 quả,\r\n Bánh canh 300 gr\r\n(Tươi),\r\n Hành lá 50 gr,\r\n Ngo rí 50 gr,\r\n Hành tím 50 gr,\r\n Đường phèn 50 gr,\r\n Muối 1 muỗng cà phê,\r\n Nước mắm 2 muỗng cà phê,\r\n Bột canh 1 muỗng canh,\r\n Tiêu 1 muỗng cà phê,\r\n Dầu ăn 1 muỗng canh,\r\n Ớt 4 quả,\r\n Chanh 1 trái', 4, 55, 'Chặt nhỏ xương heo, rửa sạch, chần qua nước sôi. Sau đó, vớt xương ra rồi cho lượng nước lọc vừa đủ vào nồi để hầm xương.', 'z0NZ_10.1.jpg', 'Gọt vỏ cà rốt, củ cải, rửa sạch tỉa hoa (tùy thích). Rửa sạch nấm rơm, ngâm nước muối 15 phút rồi vớt ra để ráo. Rửa sạch cá bóp thái miếng nhỏ vừa rồi ướp với muối. Luộc trứng cút, bọc vỏ. Cọng bánh canh chần sơ qua nước sôi 2 phút rồi vớt ra để ráo. Hành tím phi thơm, ớt đỏ thái khoanh.', 'tgkU_10.3.jpg', 'Khi nồi xương hầm sôi khoảng 20 phút thì tiếp tục cho cà rốt và củ cải vào nấu cho đến khi chín mềm. Kế tiếp, cho cá bóp vào nấu tiếp trên lửa vừa.', 'id8B_10.9.jpg', 'Khi nồi nước dùng sôi lên lần nữa thì cho nấm rơm vào rồi nêm nếm gia vị muối, bột canh, đường phèn theo liều lượng tùy khẩu vị gia đình. Tiếp đó, cho hành lá và tiêu xay vào thì tắt bếp', 'iuOY_10.10.jpg', 'Cho cọng bánh canh vào tô rồi gắp cá bóp với cà rốt, củ cải, hành ngò vào tô rồi chan nước dùng lên, dùng nóng. Nước dùng thanh ngọt, đậm đà với từng miếng cá tươi ngon, mềm thơm, béo ngậy quyện với những cọng bánh canh trắng ngần, thật hấp dẫn. Đây là món bánh canh cá bớp tươi, thơm ngon, dễ nấu, bạn có thể nấu cho cả nhà thưởng thức mà không tốn quá nhiều thời gian.', 'cGht_10.11.jpg', '', '', NULL, NULL, 1, 1, 1, 320, '2022-10-01 07:31:11', '2020-05-16 18:39:00'),
(13, 'Bánh canh bột xắt nước dừa nấu tôm', 36, 2, 6, 'Dừa nạo 300 gr,\r\n Tôm tươi 300 gr\r\n(Tôm đất),\r\n Bánh canh 500 gr\r\n(Bột gạo),\r\n Nước mắm 1/2 muỗng canh,\r\n Bột ngọt 1/2 muỗng cà phê,\r\n Muối 1/2 muỗng cà phê', 2, 25, 'Cho nước ấm vào vắt dừa ra nước cốt', 'x1bb_11.1.jpg', 'Lột vỏ tôm, giữ lại phần gạch tôm', 'WSAe_11.2.jpg', 'Rửa bánh canh cho sạch phần bột phủ bên ngoài', 'FGsS_11.3.jpg', 'Cách nấu bánh canh bột gạo nước dừa: Cho nồi nước cốt dừa lên bếp, nấu sôi vừa. Nêm muối. Sau đó cho bánh canh vào. Cho tôm vào đảo đều tay, để tôm chín sẽ có màu đỏ cam rất đẹp. Nêm bột ngọt.\r\n Khuấy đều tay, nếu ko bánh canh sẽ dính nồi', 'F4rx_11.5.jpg', 'Múc bánh canh bột xắt nước dừa nấu tôm ra tô, cho hành ngò vào. Nêm mỗi tô 1/2-1 muỗng canh nước mắm tùy theo khẩu vị. Với cách nấu bánh canh bột gạo nước dừa này, cực đơn giản nhưng lại rất thơm ngon đấy nhé. Còn lăn tăn gì mà không làm ngay món bánh canh bột xắt mời cả nhà nào!', 'H3KC_11.6.jpg', '', '', NULL, NULL, 2, 1, 1, 320, '2022-10-01 07:33:44', '2020-05-16 18:39:01'),
(14, 'Bánh canh bột lọc', 37, 2, 11, 'Bột năng 400 gr,\r\n Cá lóc 250 gr,\r\n Hành lá 100 gr,\r\n Hành tím 1 củ,\r\n Dầu ăn 2 muỗng canh,\r\n Ớt 2 trái,\r\n Nước mắm 1 muỗng canh,\r\n Nước màu 1 muỗng canh,\r\n Hạt nêm 1 muỗng cà phê,\r\n Bột ngọt 1/2 muỗng cà phê,\r\n Ớt bột 1/2 muỗng cà phê', 2, 35, 'Làm sạch cá lóc, cho vào nồi nước, luộc chín, giữ lại phần nước luộc cá. Vớt cá lóc ra, róc lấy thịt, bỏ xương, cho ra đĩa.', 'jDyl_12.1.jpg', 'Rửa sạch hành tím, hành lá, ớt, cắt nhỏ, cho ra đĩa.', 'lglD_12.2.jpg', 'Cách làm bánh canh bột lọc: Cho bột năng vào một mặt phẳng rộng, tạo một trũng sâu ở giữa. Đổ từ từ nước nóng vào giữa, dùng tay trộn đều thành một hỗn hợp dẻo, mềm.', 'N6eq_12.4.jpg', 'Cán mỏng bột, dùng dao cắt bột thành sợi dài khoảng 7cm. Sau đó, cho sợi bánh canh vào nồi nước sôi, luộc chín.', 'osrW_12.6.jpg', 'Cách nấu bánh canh bột lọc: Phi thơm hành tím với 2 muỗng canh dầu ăn. Cho cá lóc, 1 muỗng canh nước mắm, 1 muỗng canh nước màu, 1 muỗng cà phê hạt nêm, 1/2 muỗng cà phê bột ngọt, 1/2 muỗng cà phê ớt bột vào, đảo đều 1 phút. Lọc nước luộc cá qua rây, cho vào ngập mặt cá lóc, nấu sôi để làm nước dùng.', 'SvVa_12.7.jpg', 'Vớt sợi bánh canh ra rổ, để ráo, cho vào tô. Cho cá lóc, chan nước vào. Rắc hành lá, ớt lên trên và thưởng thức! Tô bánh canh bột lọc thành phẩm có sợi bánh canh dai dai, cùng với nước dùng đậm vị, thơm lừng, đảm bảo sẽ chiều lòng cả thực khách khó tính nhất đấy!', 'HAKR_12.8.jpg', NULL, NULL, 2, 1, 1, 320, '2022-10-01 07:36:22', '2020-05-16 18:39:02'),
(15, 'Bánh mì Việt Nam', 38, 2, 6, 'Bột mì 300 gr,\r\n Bơ 20 gr,\r\n Men nở 8 gr,\r\n Đường trắng 15 gr,\r\n Muối 4 gr,\r\n Dầu ăn 1 muỗng cà phê', 3, 55, 'Trước khi làm bánh mì Việt Nam cần hoà men nở vào 190ml nước ấm để kích hoạt men khoảng 5 phút (chú ý nước chỉ ấm khoảng 20 độ C). Cách làm bánh mì Việt Nam: Trộn đều bột mì, muối, đường trắng trong 1 cái tô. Sau đó, đổ hỗn hợp men nở vào cùng, trộn đều thành một hỗn hợp bột mềm, mịn.\r\n Cách làm bánh mì không bị vón cục bột: Rây bột qua 1 lần trước khi cho vào tô, bánh mì Việt Nam ra thành phẩm sẽ có phần ruột tơi xốp, mềm mịn.', 'g9mT_13.1.jpg', 'Tiếp tục cho 20gr bơ vào, nhào đều đến khi bột mịn. Rắc tí bột mì ra mặt phẳng bất kì, đặt bột bánh mì lên nhào tiếp khoảng 5-7 phút đến khi bột bánh mì dẻo mịn, không dính tay. Vo tròn khối bột bánh mì. Rưới 1 muỗng cà phê dầu ăn vào tô, đặt miếng bột bánh mì vào, đậy kín, ủ 1 giờ', 'ewEi_13.8.jpg', 'Lúc này, bột bánh mì Việt Nam sẽ nở gấp 3 lần. Tiếp tục rắc bột lên mặt phẳng và nhào lần 2 khoảng 5-7 phút. Đậy kín, ủ thêm 60 phút nữa. Bột bánh mì sau khi ủ sẽ nở thêm ra, sợi bột dai, có thớ', '7e1d_13.9.jpg', 'Tiếp tục nhào bột bánh mì cho vỡ hết bọt khí. Chuẩn bị tạo hình bánh mì Việt Nam. Ngắt bột bánh mì thành những phần nhỏ. Dàn đều bột bánh mì thành miếng tròn mỏng.\r\n Mỗi viên bột mình ngắt tầm 70gr. Nếu thích ăn bánh mì Việt Nam ổ lớn hơn thì bạn ngắt cục bột to hơn nhé!\r\n Gấp 2 bên miếng bột. Gấp phần đỉnh vào rồi cuộn lại. Bím phần mép và 2 đầu. Vo tròn dài, béo bụng.', 'ZZ3b_13.14.jpg', 'Xếp bánh mì lên khay nướng có lót sẵn 1 lớp giấy nến. Đậy khăn ủ 30 phút để bột nở ra.\r\n Làm nóng lò nướng ở nhiệt độ 180 độc C trong khoảng 15 phút trước khi nướng bánh. Làm nóng lò nướng ở nhiệt độ 180 độc C trong khoảng 15 phút trước khi nướng bánh. Rạch nhẹ bánh mì, bánh sẽ tự mở miệng ra sau 30 giây (có thể khía bánh chéo tuỳ thích). Bánh mì Việt Nam nưởng ở nhiệt độ 170 độ trong 10 phút đầu. lấy khay bánh mì nướng ra xịt đẫm nước và nướng tiếp 10-12 phút nữa (nhiệt 150 độ) đến khi vỏ bánh mì Việt Nam vàng đều.\r\n Phun đẫm nước trước khi nướng để bánh mì Việt Nam khi nướng được mỏng vỏ và không bị nứt.', '3xDg_13.16.jpg', 'Lấy vỉ bánh mì Việt Nam nướng ra ngoài, để hơi nguội 1 tí. Bánh mì Việt Nam thành phẩm mỏng vỏ, vàng giòn, ruột mềm xốp, thơm ngon.\r\n Cách làm bánh mì Việt Nam tuy nhiều bước nhưng mỗi bước đều không quá khó để thực hiện. Bắt tay vào làm bánh mì Việt Nam ngay hôm nay bạn nhé!', 'nOxH_13.18.jpg', NULL, NULL, 2, 1, 0, 320, '2022-10-01 07:40:10', '2022-11-21 08:17:20'),
(16, 'Bún mắm miền tây đúng điệu', 39, 2, 15, 'Mắm cá linh 300 gr,\r\n Dừa xiêm 1 trái,\r\n Mắm cá sặc 300 gr,\r\n Xương heo 500 gr,\r\n Cá loc 500 gr,\r\n Cà tím 2 trái,\r\n Cá hú 500 gr,\r\n Mực ống 300 gr,\r\n Tôm tươi 300 gr,\r\n Thịt heo quay 300 gr,\r\n\r\n Tỏi 1 muỗng canh,\r\n Sả băm 100 gr,\r\n Hành tím băm 2 muỗng canh,\r\n Ớt 10 gr,\r\n He 100 gr', 5, 60, 'Để nấu bún mắm ngon trước tiên cần lấy nước 1 trái dừa xiêm nấu cùng 3 lạng mắm cá linh và 3 lạng mắm cá sặc. Nấu riu riu trong gần 1 tiếng để mắm rục rã. Sau đó lọc qua ray để bỏ cặn, lấy nước mắm.\r\n Nếu dừa ít nước, bạn chủ động bạn lấy nước 2 trái cho vào đun cùng. Có thể dùng xương ống hoặc sườn già (khoảng 500gr). Rửa sạch, sau đó cho nước ngập xương kèm theo chút muối, đun sôi lên, để xương ra chất dơ, đổ nước dơ đó đi và bỏ xương lại vào nồi to, cho ngập nước lần nữa, thêm muối. Bắt đầu hầm với lửa nhỏ trong vòng 1 đến 1h30p.\r\n Đặc biệt, khi nấu bún mắm nếu mọi người mua được đầu cá lóc, xương cá để hầm thì càng ngọt nước và đúng vị (mua khoảng 500gr xương cá).', 'X6S9_14.1.jpg', 'Lấy 1 trái cà tím to, cắt miếng vừa ăn và ngâm vào nước muối khoảng 10 phút cho cà không bị đen. Bằm nhuyễn tỏi + ớt + hành tím + sả. Sau đó đun nóng dầu ăn và cho các gia vị này vào xào cho dậy mùi thơm, cuối cùng là cho cà tím vào xào khoảng 5 phút.', '6OSd_14.3.jpg', 'Sau khi hầm xương ra chất ngọt, gắp bỏ xương ra hết và đổ nồi nước mắm vào đun. Khi nước sôi, đổ cà tím và các gia vị vừa xào vào nồi nước, vặn nhỏ lửa, đun riu riu cho nước mắm hòa quyện vào nước hầm xương. Đun khoảng 30 phút đến 1 tiếng, tùy theo bạn nêm nếm nước dùng đã sắc và đậm đà hay chưa, cắt nhỏ vài cọng hẹ vào cho thơm nhé. Gia vị thì cho bột nêm, muối hoặc nước mắm tùy theo khẩu vị nêm nếm của mỗi người. Lúc này, bạn nào muốn nước dùng có vị béo thì có thể cho 2 - 3 khứa cá hú vào đun cùng, chọn khứa cá có chút mỡ sẽ rất ngon.', 'WKLh_14.4.jpg', 'Nấu xong phần nước dùng của món bún mắm là thấy mọi việc nhẹ nhõm. Còn lại chỉ là sơ chế sạch hải sản và luộc chín tôm lột vỏ, mực cắt khoanh bỏ da luộc. Heo quay cắt miếng vừa ăn.\r\n Nước luộc tôm mực, mọi người nên tận dụng đổ luôn vào nồi nước dùng bún mắm sẽ bao ngọt nhé.', 'WNkS_14.5.jpg', 'Rau ăn kèm bún mắm miền Tây thì thôi rồi nhiều vô kể, gồm: rau nhút, rau muống bào, bông súng, kèo nèo, rau má, rau đắng, giá, hẹ, có chỗ còn thêm bông bí, bông điên điển (nói chung ai muốn ăn gì thì mua đó).', 'K7fO_14.6.jpg', 'Thế là từ nay thèm thuồng bún mắm thì không phải chạy khắp nơi tìm quán roài. Ăn bún mắm ở nhà, ai siêng thì làm mắm me, không siêng thì pha chút nước mắm mặn cùng tí bột ngọt, xắt miếng ớt tươi vào cho cay, vắt miếng tắc vào cho chua chua. Rồi thì chấm hải sản mà làm tới thôi. Không nhiều thịt thà như ngoài quán vì em chỉ thích tôm, mực, heo quay nên làm mỗi 3 món này. Khoái bún mắm vì ăn được quá nhiều loại rau 1 lần.', 'zDIg_14.7.jpg', NULL, NULL, 3, 1, 0, 320, '2022-10-01 07:43:06', '2022-10-02 04:04:06'),
(17, 'Chân gà ngâm sả tắc cay ngon', 12, 15, 12, 'Chân gà 10 cái,\r\n Gừng 1 củ,\r\n Muối hột 1 muỗng cà phê,\r\n Lá chanh 6 lá,\r\n Sả 6 cây,\r\n Tỏi 4 tép,\r\n Trái tắc 4 trái,\r\n Nước mắm 40 ml,\r\n Đường trắng 40 gr,\r\n Giấm 20 ml,\r\n Ớt 2 trái,\r\n Nước cốt chanh 30 ml', 2, 35, 'Đun sôi 400ml nước với lá chanh, sả cắt khúc. Cho chân gà vào, luộc chín. Tránh luộc chân gà quá chín làm chân gà ngâm dễ bỡ và đổ nhớt', 'iTqK_1.4.jpg', 'Vớt chân gà luộc vừa chín tới ra, ngâm vào tô nước nước đá có pha 30ml nước cốt chanh sẽ giúp da gà săn lại, nước chanh giúp chân gà ngâm trắng và ít bị thâm. Vớt chân gà ra, cho vào tủ lạnh để chân gà se lại (Khâu làm lạnh và khô chân gà này không thể thiếu, để tránh làm chân gà ngâm bị nhớt nhé).', '3Qjz_1.6.jpg', 'Nấu nước làm chân gà ngâm ngon chuẩn: Đun 100ml nước với trái tắc, 40gr đường trắng, khuấy đều cho đường tan hết. Tắt bếp, để nguội, thêm lá chanh cắt sợi, sả cắt nhỏ, tỏi, 40ml nước mắm, 20ml giấm, ớt vào, khuấy đều.', 'tdzT_1.9.jpg', 'Cho hỗn hợp nước mắm, tắc vào hũ thủy tinh. Cho chân gà vào, đậy kín nắp, để chân gà ngâm sả tắc cay khoảng 1 ngày trong ngăn mát tủ lạnh là có thể ăn được.', 'Qd8B_1.1.jpg', 'Chân gà ngâm sả tắc cay là món ăn vặt thơm ngon, cho cả nhà nhâm nhi cực thỏa thích. Cách làm chân gà ngâm sả tắc đơn giản này thích hợp với nhiều bạn làm lần đầu.', 'UOL2_1.13.jpg', '', '', '', '', 2, 1, 0, 320, '2022-11-08 08:00:48', '2022-11-08 08:10:04'),
(18, 'Bánh chiffon cam ngon', 50, 15, 10, 'Lòng đỏ trứng gà 4 cái,\r\n Nước cốt cam 115 ml,\r\n Vỏ cam 1 muỗng canh,\r\n Đường trắng 150 gr,\r\n Bột mì 110 gr,\r\n Bột bắp 40 gr,\r\n Bột nở (baking powder) 1 muỗng cà phê,\r\n Dầu ăn 75 ml,\r\n Lòng trắng trứng gà 4 cái,\r\n(Tinh dầu),\r\n Cream of tartar 1/2 muỗng cà phê', 4, 75, 'Mở lò nướng ở 170 độ C (340 độ F). Có thể lấy cục bơ lạt để thoa khắp khuôn vừa thơm, vừa dễ lấy. Bột khô bánh chiffon cam: Rây bột mì, bột bắp và bột nở cho mịn màng để qua 1 bên.', 'LgYQ_2.1.jpg', 'Cho lòng đỏ trứng, đường (Phần A), nước cam vắt và dầu vào một âu nhôm sạch rồi dùng lồng phới đánh cho đường tan hoàn toàn rồi cho tiếp cho hỗn hợp bột vừa rây vào âu trứng và trộn đều. Cho vỏ cam đã được bào sẵn vào âu rồi trộn đều. Để riêng âu trứng bột này qua một bên.', 'UKUD_2.3.jpg', 'Cho lòng trắng trứng vào một âu nhôm sạch khác. Dùng máy đánh trứng ở tốc độ trung bình cho đến khi trứng nổi các hạt li ti nhỏ như bọt xà phòng thì cho cream of tartar vào. Đánh tiếp hỗn hợp trứng ở tốc độ cao cho đến khi trứng đủ bông nhẹ và có vân.', 'jeBN_2.5.jpg', 'Lấy 75gr đường chia làm 3 phần, vừa cho vào hỗn hợp trứng và đánh tiếp ở tốc độ cao cho hỗn trứng vừa đạt chóp cứng (Stiff Peak). Đến đây thì dừng lại, nếu đánh tiếp trứng sẽ bông cứng và khó trộn. Lúc này trứng đã bông mịn, nổi vân, tạo thành chóp, chóp có thể hơi cong nhưng vẫn giữ được chóp. Cách làm bánh chiffon cam thành công hay không là ở bước này đó.', 'E9rL_2.7.jpg', 'Cho 1/4 hỗn hợp lòng trắng trứng vào âu lòng đỏ, dùng spatula trộn nhẹ cho hỗn hợp hoà quyện rồi lặp lại công đoạn này thêm 1 lần nữa. Cho hết phần lòng trắng trứng còn lại vào âu lòng đỏ. Dùng kĩ thuật fold để trộn cho hỗn hợp hoà quyện.', 'c9Lm_2.9.jpg', 'Cho phần bột vừa trộn vào khuôn bánh rồi lắc nhẹ khuôn cho bột dàn đều. Nướng bánh ở lò đã bật sẵn khoảng 45 đến 50 phút. Kiểm tra bánh chín bằng cách dùng ngón tay ấn nhẹ vào mặt bánh thấy bánh phồng trở lại ngay là được. Sau khi bánh đã chín tới thì lấy khuôn bánh ra khỏi lò. Úp một chiếc bát lên rack, rồi úp khuôn bánh lên chiếc bát. Để bánh chiffon cam nguội hoàn toàn. Cần phải úp bánh để bánh thoát ẩm.', 'RLuF_2.11.jpg', 'Sau khi bánh nguội, dùng dao nhon rọc quanh thành khuôn bánh chiffon cam và rọc nhẹ vào giữa lõi rồi dùng ngón tay trỏ đẩy nhẹ đáy bánh lên để lõi bánh rời khỏi khuôn. Dùng dao rọc nhẹ dưới đáy bánh rồi úp ngược bánh xuống để bánh rời hoàn toàn khỏi luôn. Khi dùng thì nên cắt ra từng phần nhỏ để vào đĩa rồi để phần bánh chiffon cam dư vào tủ lạnh để bảo quản nhé. Cách làm bánh chiffon hơi cầu kỳ phải không nào, nhưng mà ngon lắm đó, rất thích hợp cho các bạn mới bước chân vào bếp bánh nè.', '80g6_2.15.jpg', 3, 1, 0, 320, '2022-11-08 08:40:17', '2022-11-08 09:00:03'),
(19, 'Súp bắp cua ngon lành', 51, 15, 15, 'Dầu mè 2 muỗng canh,\r\n Tỏi 3 tép,\r\n Gừng 1 miếng,\r\n Bắp Mỹ 1 trái,\r\n Hành lá 1 cây,\r\n Thịt cua 200 gr,\r\n Nước dùng 400 ml\r\n(Nước hầm xương heo),\r\n Nước tương 2 muỗng canh,\r\n Tiêu 1/2 muỗng cà phê,\r\n Bột bắp 50 gr,\r\n Trứng gà 1 quả,\r\n Dầu ăn 2 muỗng canh,\r\n Muối 1 muỗng cà phê,\r\n Bột ngọt 1 muỗng cà phê,\r\n Ngò rí 1 nhánh', 2, 35, 'Làm nóng 2 muỗng canh dầu ăn trong một chảo to và sâu lòng. Cho gừng, tỏi băm vào phi thơm rồi cho bắp mỹ và hành lá vào, xào khoảng 2 phút.', '5Z56_3.6.jpg', 'Cho thịt cua vào xào cùng. Nêm 1 muỗng cà phê muối, 1 muỗng cà phê bột ngọt. Xào nhanh tay khoảng 1 phút.', 'Q32n_3.7.jpg', 'Cho nước dùng vào nấu cùng với bắp và cua. Nêm 2 muỗng canh nước tương.', 'H29h_3.8.jpg', 'Khi nước dùng sôi, hoà tan bột bắp trong 1/3 chén nước, cho vào nồi nước súp, khuấy đều. Trứng gà tách lấy lòng trắng trứng, rót từ từ vào nồi súp đang sôi, vừa rót vừa dùng muỗng khuấy cho lòng trắng tan đều. Sôi thêm 1 phút nữa thì tắt bếp.', 'UkWF_3.9.jpg', 'Múc súp bắp cua ra tô, cho thêm ngò rí, tiêu, dầu mè. Ăn ngay khi còn nóng.', 'A9wi_3-Súp bắp cua.jpg', '', '', '', '', 2, 1, 0, 320, '2022-11-08 08:55:55', '2022-11-08 08:59:54'),
(20, 'Bánh canh Nam Phổ xứ Huế tuyệt hảo', 2, 15, 8, 'Bột gạo 2 chén,\r\n Bột năng 1 chén,\r\n Nước 250 ml,\r\n Nước 2 chén,\r\n Tôm tươi 200 gr,\r\n Giò sống 100 gr,\r\n Thịt ba chỉ 200 gr,\r\n Mắm ruốc 1 muỗng cà phê\r\n(Huế)', 5, 40, 'Trước khi nấu bánh canh Nam Phổ cần: Rửa sạch tôm, luộc chín rồi bóc sạch vỏ tôm, cho vào cối giã nhỏ (giữ lại nước luộc tôm). Rửa sạch thịt ba rọi (thịt ba chỉ), bỏ da, cắt nhỏ rồi đem xay nhuyễn. Làm chả tôm thịt giò sống: Trộn đều thịt xay + giò sống + tôm giã nhỏ, nêm 1 muỗng hành củ tím băm, 1 muỗng cà phê đường, 1 muỗng cà phê tiêu, 1 muỗng canh hạt nêm, 1 muỗng canh nước mắm, 1 muỗng cà phê bột ngọt, 1 muỗng canh màu dầu điều, mang bao tay thực phẩm, nhồi cho chả quyện đều. Khi chả tôm thịt đã dẻo mịn, ướp 30 phút.', 'zONa_4.2.jpg', 'Làm dầu màu điều: cho hột màu điều vào chén, nấu sôi dầu rồi chế vào chén hột điều đó, rồi lọc lấy qua rây bỏ hột, được chén dầu điều. Cho ruốc vào 1/2 chén nước lạnh khuấy tan. Nhồi bột làm bánh canh xắt Nam Phổ: Cho bột gạo vào thau rồi đổ nước nấu thật sôi vào, dùng muỗng gỗ trộn đều đến khi bột đặc lại, sau đó nhồi cho bột thật dẻo mịn.', 'OLEt_4.4.jpg', 'Ngắt từng cục bột bánh canh nhỏ, cán bột mỏng vừa. Sau đó cắt bột thành từng sợi bánh canh xắt nhỏ vừa ăn.', 'uDmh_4.5.jpg', 'Cho chén bột năng + nước lạnh hoà đều quậy tan. Giúp nấu bánh canh Nam Phổ đặc sệt, hấp dẫn.', 'bm4V_4.7.jpg', 'Cách nấu bánh canh Nam Phổ Xứ Huế: Đun sôi nồi nước, cho sợi bánh canh xắt vào luộc. Khi sợi bánh canh xắt chín sẽ nổi lên và bột sẽ trong. Sau đó cho 1/2 chén nước bột năng đã pha vào nồi khuấy đều, đem xuống ngâm sợi bánh canh trong nồi như vậy 1 giờ cho sợi bánh canh xắt nở và mềm.', 'dPAC_4.8.jpg', 'Cho nồi nước luộc tôm lên bếp + nước ruốc đã lọc sạch cặn (cho nước ruốc vào từ lúc nước nguội), đổ thêm nước, rồi nấu sôi. Nước trong nồi sôi, lấy đĩa nhân ở bước 3 dùng tay tách nhỏ phần tôm thịt đó thả vào nồi cho đến hết, nêm nếm gia vị một lần nữa cho vừa ăn. Sau đó đổ từ từ nửa chén nước bột năng còn lại vào, quậy đều cho nồi nhân sánh lại (như nấu súp cua), rồi cho rau nêm vào + tiêu. Giữ nóng nồi bánh canh xắt với lửa nhỏ nhất, đổ nồi nước chả tôm thịt lên trên nồi bánh canh xắt', 'DVEs_4.10.jpg', 'Bánh canh Nam Phổ Xứ Huế ăn cùng hành, ngò, rau răm xắt nhỏ với chén nước mắm ớt mặn. Khi ăn, múc sợi bánh xắt ra tô trước rồi mới múc chả tôm thịt lên trên, rắc tiêu và nước mắm ớt, sau đó trộn đều lên, thưởng thức. Sợi bánh canh Nam Phổ mềm, thơm ngon vô cùng, ăn rất ấm bụng, thích hợp cho bữa ăn ngày lạnh.', '2MPx_4.11.jpg', 1, 1, 0, 321, '2022-11-08 09:05:53', '2020-05-17 11:13:01'),
(25, 'Bánh canh trứng cút', 60, 2, 10, 'Bột gạo 400 gr,\nXương heo 300 gr,\nSườn non 300 gr,\nTrứng cút 20 quả,\nHành lá 2 cây,\nNgo rí 2 nhánh,\nHạt nêm 1 muỗng canh,\nMuối 1/2 muỗng cà phê,\nBột ngọt 1/2 muỗng cà phê,\nTiêu 1/2 muỗng cà phê', 2, 30, 'Cách nấu nước dùng bánh canh xương heo: Cho xương vào nồi, nấu khoảng 1 tiếng. Nêm hạt nêm, muối, bột ngọt, tiêu. Chú ý hớt bọt để nước dùng trong. Khi thấy nồi nước đã ngọt, vớt xương ra, cho sườn vào đun thêm 1 lúc cho sườn đủ chín là được.', '1.1.jpg', 'Dùng 1 chiếc vá như hình trên cho bột vào, rồi nhúng vào nồi nước. Chú ý nhúng sao cho bột ngập nước. Đợi sôi 2 phút.', '1.2.jpg', 'Sau khi sợi bánh canh chín thì cho vào tô. Xếp trứng cút lên, múc nước sườn vào. Rắc hành lá và ngò rí. Nếu thích cay có thể cho thêm ớt. Bánh canh xương trứng cút với hương vị đậm đà, thơm ngon, mời cả nhà ăn sáng rất hấp dẫn đấy nhé!', '1.3.jpg', NULL, NULL, NULL, NULL, NULL, NULL, NULL, NULL, 1, 1, 0, 320, NULL, NULL),
(26, 'Xôi vò', 61, 2, 5, 'Gạo nếp 500 gr,\nĐậu xanh 250 gr,\nMuối 1/2 muỗng cà phê,\nĐường trắng 2 muỗng canh,\nNước cốt dừa 50 ml\n', 4, 60, 'Ngâm đậu xanh qua đêm rồi vo sạch, cho vào nồi nấu chín với 1/2 muỗng cà phê muối', '1.4.jpg', 'Dùng chày giã nhuyễn đậu xanh đã chín rồi vo lại thành từng nắm.\nBạn cũng có thể dùng muỗng tán nhuyễn mịn đậu xanh nếu không có chày nhé! Xôi vò ngon chính là chọn được đậu xanh còn mới, hạt nhỏ, không bị lẫn nhiều tạp chất. (2.2; 2.3)', '1.5.jpg', 'Vo sạch gạo nếp, ngâm qua đêm, để ráo nước.\nBước ngâm gạo nếp qua đêm rất quan trọng. Nhờ bước này, xôi vò khi nấu lên sẽ được dẻo, xốp mềm và không bị sượng.', '1.6.jpg', NULL, NULL, NULL, NULL, NULL, NULL, NULL, NULL, 1, 1, 0, 320, NULL, NULL),
(28, 'Bánh canh thịt vịt', 63, 2, 14, 'Thịt vịt 1/2 con,\nNấm bào ngư 300 gr,\nGừng 1 củ,\nHành lá 2 cây,\nRượu trắng 200 ml,\nHạt nêm 1/2 muỗng cà phê,\nMuối 1 1/2 muỗng cà phê,\nĐường trắng 1 muỗng cà phê,\nHành tím băm 1 muỗng cà phê,\nNgò rí 10 gr,\nDầu điều 2 muỗng cà phê,\nBột gạo 400 gr,\nBột năng 50 gr,\nTiêu 1/2 muỗng cà phê\n', 4, 40, 'trắng lên khắp thân vịt, để khoảng 20 phút sau đó rửa lại cho thật sạch, để vịt lên rổ cho ráo nước.', '1.7.jpg', 'Phần vịt sau khi ráo nước, cho ra thau lớn, thêm hành tím băm, 1 muỗng cà phê muối, đường, hạt nêm, tiêu và một ít gừng giã nhuyễn, trộn đều, ướp khoảng 2-3 tiếng.', '1.8.jpg', 'Đun nóng dầu điều, phi tỏi thơm, cho hỗn hợp thịt vịt đã ướp vào nồi, đun lửa lớn đến khi sôi thì đun lửa nhỏ, đổ 1.5 lít nước lạnh vào nồi đun sôi đến khi vịt mềm.', '1.9.jpg', NULL, NULL, NULL, NULL, NULL, NULL, NULL, NULL, 3, 1, 0, 320, NULL, NULL),
(29, 'Bánh canh chả cá', 64, 2, 12, 'Bột gạo 2 chén,\nBột năng 250 gr,\nPhi lê cá 500 gr(Cá thác lác),\nỚt 1 trái,\nXương ống 1 kg,\nHành lá 1/2 cây,\nNước mắm 2 muỗng canh,\nĐường trắng 1 muỗng cà phê,\nTiêu 1/2 muỗng cà phê,\nNgò rí 5 gr,\nHạt nêm 1 muỗng cà phê,\nMuối 1/2 muỗng cà phê', 4, 45, 'Ninh nước dùng từ xương lợn khoảng 2 giờ, trong quá trình đun nhớ vớt bọt để nước dùng được trong.', '1.11.jpg', 'Trộn bột năng với bột gạo với nhau. Đun nước sôi, rưới đều lên bột rồi nhồi đến khi hỗn hợp bột đó mềm mịn, dai là được. Chia bột thành từng viên tròn bằng nắm tay, dùng chai cán mỏng rồi thái thành từng sợi to bằng đầu đũa.\nĐể tiết kiệm thời gian làm bánh canh chả cá, bạn có thể tìm mua bánh canh bột gạo bán sẵn ở các chợ và siêu thị.(4.2)', '1.12.jpg', 'Quết nhuyễn thịt phi lê cá với đầu hành, muối, đường, hạt nêm, tiêu. Quết đến khi thấy phần thịt cá dai, dẻo dính vào nhau là được.\nCách làm bánh canh chả cá cực nhất là ở bước này đó. Quết càng mạnh tay và càng lâu thì chả cá càng dai ngon.', '1.13.jpg', 'Vớt bỏ phần xương trong nước dùng bánh canh chả cá, nêm nước mắm, hạt nêm vào nước dùng cho vừa ăn. Dùng muỗng chia từng viên chả cá thành miếng vừa ăn rồi cho vào nồi nước dùng, khuấy đều.\nNếu có thời gian thì có thể chiên hoặc hấp chả cá để bánh canh chả cá hấp dẫn hơn', '1.14.jpg', 'Đun sôi một nồi nước khác, cho sợi bánh canh vào chần sơ qua. Xả lại bằng nước lạnh rồi để ráo. Khi nước dùng bánh canh chả cá đã chuẩn bị xong, cho tiếp sợi bánh canh đã chần vào rồi đun sôi, nêm nếm lại cho hợp khẩu vị gia đình nếu cần', '1.15.jpg', 'Múc bánh canh chả cá ra tô và thưởng thức. Bánh canh chả cá dùng nóng với ít hành ngò, thêm chén nước mắm ớt kế bên là hết sảy. Vào những ngày mưa hay tiết trời se lạnh được măm măm 1 tô bánh canh chả cá nóng hôi hổi thì còn gì bằng! Cuối tuần các bạn nhất định phải thử cách làm bánh canh chả cá này để đãi gia đình nhé!\nCho xương lợn vào túi lưới rồi mới cho vào nồi hầm. Túi lưới sẽ giúp nước dùng bánh canh chả cá không bị lẫn những mảnh xương nhỏ, ăn ngon hơn.', '1.16.jpg', NULL, NULL, 1, 1, 0, 320, NULL, NULL),
(30, 'Bánh canh cá lóc Quảng Trị', 65, 2, 7, 'Cá 1 con,\nBột gạo 300 gr,\nKẹo caramel 200 lá,\nĐường 200 gr,\nTiêu 50 gr,\nCá xay 500 gr,\nỚt 3 trái', 4, 30, 'Chặt cá lóc thành miếng vừa ăn, rửa sạch nguyên liệu. Luộc cá vừa chín tới, vớt cá ra ngoài. Phi hành cùng ớt chín vàng. Cho hỗn hợp vừa phi chín tới vào nước cá đã luộc.', '1.17.jpg', 'Cách nấu bánh canh cá lóc: Tách thịt cá ra khỏi xương lựa phần nạc bỏ riêng sang 1 tô, tiếp tục cho nước đun sôi trong 10 phút. Cho cá xay đã vo viên tròn (nếu các bạn khéo tay tạo hình cho cá viên thành hình tròn sẽ ngon mắt hơn) vào trong nấu chín. Cho gia vị đã chuẩn bị vào nêm vừa ăn. Chú ý: nêm tiêu vào lúc cuối cùng vì tiêu chính là hương vị chính làm dậy mùi của món ăn.', '1.18.jpg', 'Cho hành lá đã thái nhỏ lên bên trên, trang trí ra tô. Vậy là đã có món bánh canh cá lóc đúng điệu đất Quảng Trị rồi. Hãy lưu lại cách làm bánh canh cá lóc đặc trưng của vùng đất Quảng Trị nhé. Hứa hẹn sẽ là món banh cá lóc đổi vị cho cả nhà cuối tuần đấy.', '1.19.jpg', NULL, NULL, NULL, NULL, NULL, NULL, NULL, NULL, 4, 1, 0, 320, NULL, NULL),
(31, 'Bánh burger thịt heo', 66, 2, 11, 'Thịt heo bằm 283 gr,\nBánh mì 2 cái(Burger),\nSốt tương đen 2 muỗng canh,\nGừng 1 miếng,\nGiấm 1 muỗng canh,\nCủ cải đỏ 85 gr,\nSốt Mayonnaise 2 muỗng canh,\nBông cải xanh 2 1/4 gr,\nMuối 1 1/2 muỗng cà phê,\nTiêu 1 1/2 muỗng cà phê,\nDầu olive 1 muỗng canh', 2, 25, 'Rửa sạch củ cải đỏ, bông cải xanh, để ráo nước. Bông cải xanh cắt bỏ phần thân, thái nhỏ. Gừng rửa sạch, gọt vỏ, thái nhỏ. Bánh burger cắt làm đôi. Củ cải thái lát mỏng, cho củ cải vào bát ướp cùng giấm và dầu olive. Trong một chiếc bát nhỏ, cho mayonnaise, 1/2 phần sốt tương đen, 1/2 muỗng cà phê muối và hạt tiêu vào khuấy đều, để riêng.', '1.21.jpg', 'Chế biến bông cải xanh: Cho bông cải xanh lên khay nướng, cho dầu olive, 1/2 muỗng cà phê muối và hạt tiêu vào trộn đều. Cho khay súp lơ vào lò và nướng khoảng 16-18 phút hoặc đến khi bông cải chín, chuyển màu. Tắt lò, lấy khay bông cải ra, cho dầu mè vào trộn đều.\nCách làm hamburger thịt heo này ngon hơn là nhờ có bông cải nướng này đó, các bạn không được bỏ qua nha !', '1.22.jpg', 'Cách làm nhân bánh hamburger: Trong một chiếc bát, cho thịt heo xay, gừng thái nhỏ, phần nước sốt tương đen còn lại, thêm 1/2 muỗng cà phê muối và hạt tiêu vào trộn đều. Chia hỗn hợp thịt thành 2 phần bằng nhau có độ dày khoảng 1,25cm. Để riêng ra đĩa. Đun nóng chảo cùng chút dầu olive, cho thịt heo đã viên vào chiên mỗi mặt khoảng 3 - 5 phút hoặc cho đến khi thịt chín, sém cạnh. Gắp ra đĩa, dùng giấy bạc bọc lại để thịt nóng.', '1.23.jpg', 'Nướng bánh burger: Cho bánh mì vào áp chảo khoảng 1 - 2 phút cho đến khi bánh mì sém cạnh. Gắp ra đĩa để riêng. Cho bánh mì lên đĩa, rưới nước sốt lên trên bánh mì, xếp thịt heo rồi củ cải đỏ lên rồi kẹp miếng bánh còn lại lên trên cùng. Ăn bánh burger cùng súp lơ xanh vừa nướng sẽ rất ngon, lại đầy đủ dinh d', '1.24.jpg', 'Bánh burger thịt heo với lớp vỏ mềm, củ cải giòn, nước sốt béo ngậy bọc lấy nhân thịt heo xay đậm đà, ăn kèm bông cải xanh nướng vừa ngon vừa đầy đủ dinh dưỡng. Cách làm bánh burger heo lại không hề khó, các bạn có thể tự làm ở nhà để giúp bữa ăn sáng của gia đình thêm phần thú vị nha !', '6-Bánh burger thịt heo.jpg', NULL, NULL, NULL, NULL, 2, 1, 0, 320, NULL, NULL),
(32, 'Bánh canh cá lóc miền Tây', 67, 2, 13, 'Cá lóc 500 gr,\nHạt nêm 1/2 muỗng canh,\nMuối 1/2 muỗng canh,\nCà chua 1 trái,\nNgo rí 20 gr,\nTiêu 1 muỗng cà phê,\nHành tím 1 củ,\nChả cá 500 gr,\nHành lá 20 gr,\nHẹ 20 gr,\nGiá đỗ 20 gr,\nNước 2 lít,\nBánh canh 400 gr', 4, 25, 'Sơ chế cá lóc, thái mỗi con làm 5 phần. Lưu ý cá lóc khi mua về nên được xát chanh hoặc muối để cá sạch bạn nhé. Bỏ cá lóc vào nồi và đổ khoảng 200ml nước (hoặc 1/3 dung tích nồi nấu). Bật lửa nấu trong khoảng 10 - 15 phút sau đó tắt bếp và vớt cá ra, để ráo khoảng 5 phút.\nSở dĩ không đổ nước vào nhiều là do thịt cá rất dễ bị bở, ngoài ra bước này bạn khoan hãy phi hành. Một số ý cho rằng nên chiên cá hoặc phi hành sẽ khử được mùi tanh, thế nhưng như vậy sẽ khiến bánh canh của bạn trở nên đầy dầu mỡ. Chỉ cần xát chanh và muối ở bước sơ chế là được rồi bạn nhé, cá sẽ giữ được độ ngọt và mềm.', '1.25.jpg', 'Chuẩn bị nguyên liệu đi kèm, bao gồm: chả cá, giá, hẹ, hành, ngò, cà chua và bánh canh. Chả cá mua ngoài hay bị gắt dầu, tốt hơn hết hãy chần sơ qua nước nóng bạn nhé. Rửa sạch giá, hẹ, hành, ngò và cà chua. Sau đó thái hành, hẹ ra từng khúc, cà chua xắt dọc làm 4 để nấu cùng nước lèo. Về bánh canh, khi mua về hãy chịu khó chần qua nước đun sôi bạn nhé, bánh sẽ ngon hơn và khử được mùi chua vốn có.\nCần rửa sạch gốc hẹ và hành bạn nhé, nên dùng muối để ngâm rau.', '1.26.jpg', 'Nấu bánh canh cá lóc miền Tây: dùng lại phần nước đã luộc cá trước đó, đổ gần đầy nồi nấu, bỏ cà chua đã thái vào nồi. Cho 1/2 muỗng canh muối và 1/2 muỗng canh hạt nêm, tùy bạn thích ăn mặn ngọt như nào có thể bổ sung thêm nhé.\nGiá, hẹ nên được trần riêng ở nồi nước sôi khác nhé, để tránh nước lèo của bạn có vị \"lạ\".', '1.27.jpg', 'Đậy nắp đung sôi và trong thời gian này bạn có thể tiến hành rút xương cá, chuẩn bị tô cho cả nhà rồi! Tăng hương vị cho nước dùng thông qua hành tím phi và chút ngò, hành nhé.Khi hành đã được phi xong, bạn tắt bếp và bỏ ngay vào chảo ngò và tiêu nhé, sau đó bỏ hỗn hợp vào nồi nước dùng. Đây là bí kíp khá hay để tăng hương thơm cho các loại nước dùng đấy!', '1.28.jpg', 'Bước cuối cùng là đổ nước dùng vào tô đã chuẩn bị sẵn. Bánh canh cá lóc thành phẩm có hương vị thơm ngon, ngọt tự nhiên của cả lóc. Đặc biệt với cách nấu bánh canh cá lóc miền Tây này, nước dùng sẽ cực đậm vị, lại giúp thanh nhiệt cho ngày nắng nóng. Chúc cả nhà thành công!', '1.29.jpg', NULL, NULL, NULL, NULL, 4, 1, 0, 320, NULL, NULL),
(33, 'Bánh burger mini', 68, 2, 7, 'Bột mì 200 gr,\nBơ 14 gr,\nMuối 5 gr,\nĐường trắng 16 gr,\nTrứng gà 1 quả,\nSữa tươi 100 gr,\nMè trắng 1 chén', 2, 100, 'Trộn bột làm bánh burger: bột mì, bơ, muối, đường, trứng, sữa tươi vào trộn đều với nhau rồi đem ủ ở nhiệt độ thường khoảng 1 tiếng.', '1.31.jpg', 'Sau đó chia bột thành 9 phần đều nhau, tiếp tục ủ trong 50 phút nữa trong nhiệt độ (35-40 độ C).', '1.32.jpg', 'Sau khi ủ bột xong, rắc mè trắng lên trên rồi đem nướng ở 200 độ C trong 10 phút.', '1.33.jpg', 'Bánh gurger chín vàng đem ra. Tròn tròn, nhỏ nhắn, thơm thơm, rất tiện để mang đi ăn trong các buổi dã ngoại nữa đấy! Bánh burger sau khi chia bột xong các bạn có thể bọc lại để tủ lạnh sáng rã đông rồi ủ lần 2 cho lớn là nướng bình thường rồi, rất tiện phải không nào. Có thể cắt đôi, kẹp rau xà lách, thịt nguội, phô mai vào trong, ăn chả khác gì ngoài tiệm luôn.', '1.34.jpg', NULL, NULL, NULL, NULL, NULL, NULL, 1, 1, 0, 320, NULL, NULL),
(34, 'Bánh canh cá lóc', 69, 2, 11, 'Cá lóc 1 kg,\nChả cá thác lác 200 gr,\nBánh canh 1 kg,\nMuối 15 gr,\nNước mắm 50 ml,\nHạt nêm 50 gr,\nĐường trắng 30 gr,\nHành lá 1 cây,\nHành boa rô 1 cây,\nGừng 1 miếng,\nTiêu 1/2 muỗng cà phê\n', 4, 25, 'Rửa sạch thịt cá và xương. Rửa sạch, cắt lát gừng. Đặt một chiếc nồi lên bếp, cho 1.2 lít nước sạch, xương cá cùng gừng vào, mở lửa vừa và nấu nước dùng.\nCách làm bánh canh cá lóc ngon luôn không thể thiếu nồi nước dùng tuyệt hảo được đâu nhé.', '1.35.jpg', 'Nấu đến khi nước bắt đầu sôi, thả thịt cá vào và nêm 15gr muối, 50gr hạt nêm, 30gr đường và 50ml nước mắm. Để lửa nhỏ, nấu thêm khoảng 20 phút rồi tắt bếp. Vớt thịt cá lóc ra, cắt thành từng miếng vừa ăn.', '1.36.jpg', 'Đặt một chiếc nồi nhỏ cùng một ít nước sạch lên bếp, mở lửa lớn. Khi nước sôi, thả bánh canh vào trụng đến khi sợi bánh trong thì vớt ra. Xếp bánh canh, cá lóc, chả cá ra tô, chan nước dùng lên. Rắc thêm một ít hành lá, hành boa rô và tiêu lên để tô bánh canh cá lóc tăng thêm hương vị.', '1.37.jpg', 'Đặt một chiếc nồi nhỏ cùng một ít nước sạch lên bếp, mở lửa lớn. Khi nước sôi, thả bánh canh vào trụng đến khi sợi bánh trong thì vớt ra. Xếp bánh canh, cá lóc, chả cá ra tô, chan nước dùng lên. Rắc thêm một ít hành lá, hành boa rô và tiêu lên để tô bánh canh cá lóc tăng thêm hương vị', '1.38.jpg', NULL, NULL, NULL, NULL, NULL, NULL, 1, 1, 0, 320, NULL, NULL),
(35, 'Bánh canh cá bớp', 70, 2, 18, 'Cá bớp 500 gr,\nXương heo 300 gr,\nCà rốt 200 gr,\nCủ cải trắng 200 gr,\nNấm rơm 150 gr,\nTrứng cút 10 quả,\nBánh canh 300 gr(Tươi),\nHành lá 50 gr,\nNgo rí 50 gr,\nHành tím 50 gr,\nĐường phèn 50 gr,\nMuối 1 muỗng cà phê,\nNước mắm 2 muỗng cà phê,\nBột canh 1 muỗng canh,\nTiêu 1 muỗng cà phê,\nDầu ăn 1 muỗng canh,\nỚt 4 quả,\nChanh 1 trái', 4, 55, 'Chặt nhỏ xương heo, rửa sạch, chần qua nước sôi. Sau đó, vớt xương ra rồi cho lượng nước lọc vừa đủ vào nồi để hầm xương.', '1.39.jpg', 'Gọt vỏ cà rốt, củ cải, rửa sạch tỉa hoa (tùy thích). Rửa sạch nấm rơm, ngâm nước muối 15 phút rồi vớt ra để ráo. Rửa sạch cá bóp thái miếng nhỏ vừa rồi ướp với muối. Luộc trứng cút, bọc vỏ. Cọng bánh canh chần sơ qua nước sôi 2 phút rồi vớt ra để ráo. Hành tím phi thơm, ớt đỏ thái khoanh.', '1.41.jpg', 'Khi nồi xương hầm sôi khoảng 20 phút thì tiếp tục cho cà rốt và củ cải vào nấu cho đến khi chín mềm. Kế tiếp, cho cá bóp vào nấu tiếp trên lửa vừa.', '1.42.jpg', 'Khi nồi nước dùng sôi lên lần nữa thì cho nấm rơm vào rồi nêm nếm gia vị muối, bột canh, đường phèn theo liều lượng tùy khẩu vị gia đình. Tiếp đó, cho hành lá và tiêu xay vào thì tắt bếp.', '1.43.jpg', 'Cho cọng bánh canh vào tô rồi gắp cá bóp với cà rốt, củ cải, hành ngò vào tô rồi chan nước dùng lên, dùng nóng. Nước dùng thanh ngọt, đậm đà với từng miếng cá tươi ngon, mềm thơm, béo ngậy quyện với những cọng bánh canh trắng ngần, thật hấp dẫn. Đây là món bánh canh cá bớp tươi, thơm ngon, dễ nấu, bạn có thể nấu cho cả nhà thưởng thức mà không tốn quá nhiều thời gian.', '1.44.jpg', NULL, NULL, NULL, NULL, 1, 1, 0, 320, NULL, NULL),
(36, 'Bánh canh bột xắt nước dừa nấu tôm', 71, 2, 6, 'Dừa nạo 300 gr,\nTôm tươi 300 gr(Tôm đất),\nBánh canh 500 gr(Bột gạo),\nNước mắm 1/2 muỗng canh,\nBột ngọt 1/2 muỗng cà phê,\nMuối 1/2 muỗng cà phê\n', 2, 25, 'Cách nấu bánh canh bột gạo nước dừa: Cho nồi nước cốt dừa lên bếp, nấu sôi vừa. Nêm muối. Sau đó cho bánh canh vào. Cho tôm vào đảo đều tay, để tôm chín sẽ có màu đỏ cam rất đẹp. Nêm bột ngọt.\nKhuấy đều tay, nếu ko bánh canh sẽ dính nồi', '1.45.jpg', 'Múc bánh canh bột xắt nước dừa nấu tôm ra tô, cho hành ngò vào. Nêm mỗi tô 1/2-1 muỗng canh nước mắm tùy theo khẩu vị. Với cách nấu bánh canh bột gạo nước dừa này, cực đơn giản nhưng lại rất thơm ngon đấy nhé. Còn lăn tăn gì mà không làm ngay món bánh canh bột xắt mời cả nhà nào!', '1.46.jpg', 'Cách làm bánh canh bột lọc: Cho bột năng vào một mặt phẳng rộng, tạo một trũng sâu ở giữa. Đổ từ từ nước nóng vào giữa, dùng tay trộn đều thành một hỗn hợp dẻo, mềm.', '1.47.jpg', NULL, NULL, NULL, NULL, NULL, NULL, NULL, NULL, 2, 1, 0, 320, NULL, NULL);
INSERT INTO `recipes` (`id`, `name`, `id_dish`, `id_user`, `amount`, `materials`, `eater`, `time`, `step_1`, `image_1`, `step_2`, `image_2`, `step_3`, `image_3`, `step_4`, `image_4`, `step_5`, `image_5`, `step_6`, `image_6`, `step_7`, `image_7`, `level`, `status`, `number_like`, `number_view`, `created_at`, `updated_at`) VALUES
(37, 'Bánh canh bột lọc', 72, 2, 11, 'Bột năng 400 gr,Cá lóc 250 gr,\nHành lá 100 gr,\nHành tím 1 củ,\nDầu ăn 2 muỗng canh,\nỚt 2 trái,\nNước mắm 1 muỗng canh,\nNước màu 1 muỗng canh,\nHạt nêm 1 muỗng cà phê,\nBột ngọt 1/2 muỗng cà phê,\nỚt bột 1/2 muỗng cà phê', 2, 35, 'Cán mỏng bột, dùng dao cắt bột thành sợi dài khoảng 7cm. Sau đó, cho sợi bánh canh vào nồi nước sôi, luộc chín.', '1.48.jpg', 'Cách nấu bánh canh bột lọc: Phi thơm hành tím với 2 muỗng canh dầu ăn. Cho cá lóc, 1 muỗng canh nước mắm, 1 muỗng canh nước màu, 1 muỗng cà phê hạt nêm, 1/2 muỗng cà phê bột ngọt, 1/2 muỗng cà phê ớt bột vào, đảo đều 1 phút. Lọc nước luộc cá qua rây, cho vào ngập mặt cá lóc, nấu sôi để làm nước dùng.', '1.49.jpg', 'Vớt sợi bánh canh ra rổ, để ráo, cho vào tô. Cho cá lóc, chan nước vào. Rắc hành lá, ớt lên trên và thưởng thức! Tô bánh canh bột lọc thành phẩm có sợi bánh canh dai dai, cùng với nước dùng đậm vị, thơm lừng, đảm bảo sẽ chiều lòng cả thực khách khó tính nhất đấy!', '1.51.jpg', NULL, NULL, NULL, NULL, NULL, NULL, NULL, NULL, 3, 1, 0, 320, NULL, NULL),
(38, 'Bánh mì Việt Nam', 73, 2, 6, 'Bột mì 300 gr,\nBơ 20 gr,\nMen nở 8 gr,\nĐường trắng 15 gr,\nMuối 4 gr,\nDầu ăn 1 muỗng cà phê', 3, 55, 'Trước khi làm bánh mì Việt Nam cần hoà men nở vào 190ml nước ấm để kích hoạt men khoảng 5 phút (chú ý nước chỉ ấm khoảng 20 độ C).\n\n', '1.52.jpg', 'Cách làm bánh mì Việt Nam: Trộn đều bột mì, muối, đường trắng trong 1 cái tô. Sau đó, đổ hỗn hợp men nở vào cùng, trộn đều thành một hỗn hợp bột mềm, mịn.\nCách làm bánh mì không bị vón cục bột: Rây bột qua 1 lần trước khi cho vào tô, bánh mì Việt Nam ra thành phẩm sẽ có phần ruột tơi xốp, mềm mịn.', '1.53.jpg', 'Tiếp tục cho 20gr bơ vào, nhào đều đến khi bột mịn. Rắc tí bột mì ra mặt phẳng bất kì, đặt bột bánh mì lên nhào tiếp khoảng 5-7 phút đến khi bột bánh mì dẻo mịn, không dính tay.', '1.54.jpg', 'Vo tròn khối bột bánh mì. Rưới 1 muỗng cà phê dầu ăn vào tô, đặt miếng bột bánh mì vào, đậy kín, ủ 1 giờ', '1.55.jpg', 'Lúc này, bột bánh mì Việt Nam sẽ nở gấp 3 lần. Tiếp tục rắc bột lên mặt phẳng và nhào lần 2 khoảng 5-7 phút. Đậy kín, ủ thêm 60 phút nữa. Bột bánh mì sau khi ủ sẽ nở thêm ra, sợi bột dai, có thớ', '1.56.jpg', 'Tiếp tục nhào bột bánh mì cho vỡ hết bọt khí. Chuẩn bị tạo hình bánh mì Việt Nam. Ngắt bột bánh mì thành những phần nhỏ. Dàn đều bột bánh mì thành miếng tròn mỏng.\nMỗi viên bột mình ngắt tầm 70gr. Nếu thích ăn bánh mì Việt Nam ổ lớn hơn thì bạn ngắt cục bột to hơn nhé!', '1.57.jpg', NULL, NULL, 4, 1, 0, 320, NULL, NULL),
(39, 'Bún mắm miền tây đúng điệu', 74, 2, 15, 'Mắm cá linh 300 gr,\nDừa xiêm 1 trái,\nMắm cá sặc 300 gr,\nXương heo 500 gr,\nCá lóc 500 gr,\nCà tím 2 trái,\nCá hú 500 gr,\nMực ống 300 gr,\nTôm tươi 300 gr,\nThịt heo quay 300 gr,\nNguyên liệu phụ và Gia vị,\nTỏi 1 muỗng canh,\nSả băm 100 gr,\nHành tím băm 2 muỗng canh,\nỚt 10 gr,\nHẹ 100 gr,\nThêm 1 ít: Rau sống gồm: Rau nhút, rau muống bào, bông súng, kèo nèo, rau má, rau đắng, giá, hẹ, bông điên điển, mỗi loại một ít', 5, 60, 'Để nấu bún mắm ngon trước tiên cần lấy nước 1 trái dừa xiêm nấu cùng 3 lạng mắm cá linh và 3 lạng mắm cá sặc. Nấu riu riu trong gần 1 tiếng để mắm rục rã. Sau đó lọc qua ray để bỏ cặn, lấy nước mắm. Nếu dừa ít nước, bạn chủ động bạn lấy nước 2 trái cho vào đun cùng.', '1.58.jpg', 'Có thể dùng xương ống hoặc sườn già (khoảng 500gr). Rửa sạch, sau đó cho nước ngập xương kèm theo chút muối, đun sôi lên, để xương ra chất dơ, đổ nước dơ đó đi và bỏ xương lại vào nồi to, cho ngập nước lần nữa, thêm muối. Bắt đầu hầm với lửa nhỏ trong vòng 1 đến 1h30p. Đặc biệt, khi nấu bún mắm nếu mọi người mua được đầu cá lóc, xương cá để hầm thì càng ngọt nước và đúng vị (mua khoảng 500gr xương cá).', '1.59.jpg', 'Lấy 1 trái cà tím to, cắt miếng vừa ăn và ngâm vào nước muối khoảng 10 phút cho cà không bị đen. Bằm nhuyễn tỏi + ớt + hành tím + sả. Sau đó đun nóng dầu ăn và cho các gia vị này vào xào cho dậy mùi thơm, cuối cùng là cho cà tím vào xào khoảng 5 phút.', '1.61.jpg', 'Sau khi hầm xương ra chất ngọt, gắp bỏ xương ra hết và đổ nồi nước mắm vào đun. Khi nước sôi, đổ cà tím và các gia vị vừa xào vào nồi nước, vặn nhỏ lửa, đun riu riu cho nước mắm hòa quyện vào nước hầm xương. Đun khoảng 30 phút đến 1 tiếng, tùy theo bạn nêm nếm nước dùng đã sắc và đậm đà hay chưa, cắt nhỏ vài cọng hẹ vào cho thơm nhé. Gia vị thì cho bột nêm, muối hoặc nước mắm tùy theo khẩu vị nêm nếm của mỗi người. Lúc này, bạn nào muốn nước dùng có vị béo thì có thể cho 2 - 3 khứa cá hú vào đun cùng, chọn khứa cá có chút mỡ sẽ rất ngon.', '1.62.jpg', 'Nấu xong phần nước dùng của món bún mắm là thấy mọi việc nhẹ nhõm. Còn lại chỉ là sơ chế sạch hải sản và luộc chín tôm lột vỏ, mực cắt khoanh bỏ da luộc. Heo quay cắt miếng vừa ăn.Nước luộc tôm mực, mọi người nên tận dụng đổ luôn vào nồi nước dùng bún mắm sẽ bao ngọt nhé.', '1.63.jpg', NULL, NULL, NULL, NULL, 1, 1, 0, 320, NULL, '2022-11-21 08:17:28'),
(48, 'Bánh chả', 84, 2, 12, 'Mỡ heo 150 gr,\nĐường trắng 300 gr,\nLạp xưởng 2 cây,\nLá chanh 15 lá,\nBột nếp 30 gr,\nMứt bí 50 gr,\nNước đường 160 ml,\nRượu trắng 8 ml,\nTrứng gà 1 quả,\nMuối 1 muỗng cà phê,\nBột mì 200 gr,\nDầu ăn 20 gr', 2, 42, 'Làm mỡ đường: Mỡ heo rửa sạch, cho vào nồi nước cùng 1/2 muỗng cà phê muối, luộc chín. Vớt mỡ heo ra, rửa lại nước, cắt thành hạt lựu', '2.21.jpg', 'Cho mỡ heo vào tô, trộn đều cùng đường trắng. Mỡ đậy kín để vào nơi khô, thoáng mát. Nếu có điều kiện, các bạn có thể để mỡ đường ra nơi có gió để phơi. Sau khoảng từ 3-5 ngày, miếng mỡ sẽ trong lại, lúc này các bạn có thể dùng được rồi.', '2.22.jpg', 'Vỏ bánh chả: Cho bột mì, dầu ăn, 1/2 muỗng cà phê muối, 140ml nước đường, 15ml nước, lá chanh cắt sợi vào 1 cái tô, trộn đều đến khi bột mịn. Bọc kín mặt tô rồi để bột nghỉ 30 phút.', '2.23.jpg', 'Trong 1 tô khác, cho mỡ đường, lạp xưởng hấp chín cắt nhỏ, mứt bí, 20ml nước đường, rượu trắng, ít lá chanh cắt sợi vào, trộn đều, áo qua một lớp bột nếp.', '2.24.jpg', 'Cách làm bánh chả: Lấy bột vỏ bánh trải ra mặt phẳng có rắc bột áo, vê bột thành thỏi dài rồi cán mỏng khoảng 3mm. Cho nhân vào giữa, cuộn tròn, vê thật kín mép bột. Cắt dải bột thành những miếng nhỏ vừa ăn.', '2.25.jpg', 'Bật lò nướng trước ở 200 độ C. Đưa bánh vào nướng 10 phút đến khi bánh hơi xém mặt thì lấy khay bánh ra quét hỗn hợp trứng, nướng tiếp thêm 10 phút hoặc tới khi bánh vàng ruộm là được. Muốn bánh giòn hơn nữa, bạn bật lò về 110 độ C rồi sấy trong 15 phút. Cuối cùng, để bánh nguội hoàn toàn trong lò nướng.', '2.26.jpg', NULL, NULL, 2, 1, 0, 320, NULL, '2022-11-21 08:17:50'),
(49, 'Chè đậu xanh nha đam đường phèn', 85, 2, 7, 'Đậu xanh 300 gr,\nNha đam 500 gr,\nĐường phèn 350 gr(Dạng hạt nhỏ),\nPhổ tai 20 gr,\nVani 1 ống,\nMuối 1 muỗng cà phê,\nNước cốt chanh 5 ml\n', 60, 6, 'Bước 1: Cách nấu chè đậu xanh nha đam đường phèn: Cho đậu xanh đã ngâm vào nồi cùng với 3 lít nước. Nấu cho đến khi đậu xanh mềm nhừ thì cho 250gr đường phèn còn lại vào nồi, khuấy đều cho đến khi đường tan hết. Trong quá trình nấu đậu xanh, nếu có bọt nổi lên bạn dùng muỗng để vớt bọt này đi để nước chè trong hơn.', '2.27.jpg', 'Sau khi đường tan, bạn cho nha đam vào, khuấy đều. Chờ đến khi chè đậu xanh nha đam đường phèn sôi lại, bạn dằn 1/2 muỗng cà phê muối và 1 ống vani để món chè thêm đậm đà và tạo mùi hương cho chè. Cuối cùng bạn cho phổ tai vào khuấy đều rồi tắt bếp. Vậy là đã hoàn thành món chè đậu xanh nha đam đường phèn thanh mát để giải nóng cho mùa hè này rồi đấy.', '2.28.jpg', 'Chè đậu xanh nha đam đường phèn với những miếng nha đam nấu chín mềm, phổ tai giòn mát sần sật thật thích miệng và kể cả đậu xanh bùi thơm hấp dẫn. Đặc biệt đậu vẫn giữ được vỏ rất dinh dưỡng và tốt cho sức khỏe nhé! Món chè đậu xanh khi ăn vào những ngày nóng, vừa giúp giải nhiệt, vừa thanh lọc cơ thể rất tuyệt vời đấy, lưu lại cách nấu chè đậu xanh nha đam đường phèn này ngay nha!', '2.29.jpg', NULL, NULL, NULL, NULL, NULL, NULL, NULL, NULL, 3, 1, 0, 320, NULL, NULL),
(50, 'Trứng gà nướng Thái Lan', 86, 2, 6, 'Trứng gà 12 quả,\nNước mắm 1 muỗng canh,\nĐường trắng 1 1/2 muỗng cà phê,\nMật ong 1 muỗng canh,\nMuối 1 muỗng cà phê,\nTiêu 2/3 muỗng cà phê', 60, 4, 'Cách làm trứng gà nướng Thái Lan ngon: Chọn mua trứng gà đã kiểm dịch. Dùng dao có đầu nhọn và sắc. Gõ nhẹ đục 1 lỗ nhỏ lên đầu trứng (đầu lớn)\nChủ ý cẩn thận, không ngoáy, không mạnh tay, vỏ trứng gà rất dễ bị vỡ.', '2.31.jpg', 'Từ lổ nhỏ trên vỏ trứng, dùng tâm tre khuấy đều cho lòng đỏ vỏ ra rồi trút nhanh xuống thau đã chuẩn bị (Cách này để dễ trút hết lòng trứng ra ngoài). Dùng tay vẫy vẫy, trút lòng đỏ và lòng trắng vào thau.', '2.32.jpg', 'Để làm trứng gà nướng ngon thì nên nêm nếm gia vị phải vừa miệng: Cho vào thau trứng gồm 1 muỗng canh nước mắm, 1,5 muỗng cà phê đường, 1 muỗng canh mật ong, 1/2 muỗng cà phê muối, 2/3 muỗng tiêu xay. Khuấy đều bằng đũa, đến khi lòng trắng và lòng đỏ hòa vào nhau không bị lợn cợn là được nhé (có thể lược qua rây để hỗn hợp làm trứng nướng Thái Lan được mịn màng hơn).', '2.33.jpg', 'Cách làm trứng nướng kiểu Thái không bị tanh: Đem rửa vỏ trứng nhẹ nhàng dưới vòi nước (tránh làm nứt vỡ vỏ trứng nhé). Cho nước vào bên trong trứng rửa sơ, chà nhẹ tay bên ngoài vỏ trứng.', '2.34.jpg', 'Khéo léo, đổ hỗn hợp làm trứng gà nướng Thái Lan vào vỏ trứng (không cho quá đầy sẽ vì trứng hấp chín sẽ nở bung ra). Đổ lần lượt đến khi hết số vỏ trứng.Dùng 1 cái ca nhỏ có miệng nhọn, nếu không có bạn có thể dùng ống bơm kim tiêm, nhưng theo kinh nghiệm của mình thì ống kim tiêm khi bơm vào tạo bọt khí nhiều, sau hấp sẽ bị rổ trứng, ăn không ngon.', '2.35.jpg', 'Đun sôi nước trong nồi hấp. Xếp trứng vào xửng, nếu xửng trơn bạn có thể lót 1 lớp khăn ướt phía dưới rồi lần lượt xếp xen kẽ các quả trứng vào. Đậy nấp, trứng hấp chín với lửa vừa. Thỉnh thoảng mở nắp thâm chừng xem trứng hấp chín chưa nhé. Nếu thấu trứng vừa se mặt trên đông lại là được, không để lâu trứng sẽ nở bông bể vỏ.', '2.36.jpg', NULL, NULL, 1, 1, 0, 320, NULL, NULL),
(51, 'Sữa gạo rang', 87, 2, 4, 'Gạo tẻ 1 chén,\nSữa tươi không đường 2 bịch,\nSữa đặc 2 muỗng cà phê,\nĐường trắng 2 muỗng canh', 60, 2, 'Cách làm sữa gạo Hàn Quốc: Cho 1 chén gạo tẻ cho vào chảo, đun nhỏ lửa. Trong lúc rang gạo, dùng đũa đảo liên tục, để gạo rang vàng đều, dậy mùi thơm và tránh cháy khét ở đáy. Cần rang gạo vàng đều thì mới dừng.', '2.37.jpg', 'Trút gạo rang vàng vào nồi (hoặc thau inox). Đun 800ml nước nóng, đổ vào thau gạo rang, khuấy đều. Sau đó đổ thêm 2 bịch sữa tươi không đường vào cùng. Ngâm sữa gạo trong 20 phút.Sử dụng sữa tươi không đường để làm sữa gạo Hàn Quốc sẽ giúp dễ kiểm soát độ ngọt của sữa gạo khi nêm nếm lại với sữa đặc và đường.', '2.38.jpg', 'Sau khi ngâm sữa gạo xong, cho thau sữa gạo lên bếp đun với lửa nhỏ. Đun đến nhỏ lửa, khi thấy mặt sữa gạo nóng bóc khói, mặt dợn sóng lăn tăn là được.Chú ý: Tuyệt đối không vội vàng vặn lửa lớn, sẽ dẫn đến sữa gạo tách béo là hỏng nhé.', '2.39.jpg', 'Sau khi sữa gạo đã sôi lăn tăn hẳn. Bạn nhấc thau sữa khỏi bếp. Thêm sữa đặc và đường vào sữa gạo khuấy đều cho tan.Tùy sở thích uống sữa gạo Hàn Quốc bạn nêm nếm vị ngọt cho vừa miệng nhé.', '2.41.jpg', 'Lọc sữa gạo qua rây, bỏ phần gạo rang, lấy phần nước sữa thôi hen. Sữa gạo có thể dùng nóng, nguội hoặc làm lạnh đều rất tuyệt vời.', '2.42.jpg', 'Để bảo quản sữa gạo Hàn Quốc dùng dần vài ngày thì chuẩn bị mấy cái chai thủy tinh. Đợi sữa gạo nguội bớt thì đổ vào chai, đậy kín nắp. Bảo quản sữa gạo trong ngăn mát tủ lạnh, uống dần trong 3 ngày.Trước khi uống sữa gạo Hàn Quốc thì nhớ lắc đều lên nhé.', '2.43.jpg', NULL, NULL, 2, 1, 0, 320, NULL, NULL),
(52, 'Kimbap Hàn Quốc', 88, 2, 7, 'Rong biển khô 40 gr,\nCơm 1 chén(Deo),\nCà rốt 2 củ,\nDưa leo 2 trái,\nTrứng gà 2 quả,\nXúc xích 3 cây(Xúc xích heo),\nDầu ăn 2 muỗng canh', 10, 1, 'Trước khi làm kimbap Hàn Quốc đem cắt cà rốt, dưa leo và xúc xích thành những que dài nhỏ cho dễ cuốn.', '2.44.jpg', 'Đập trứng gà ra đánh tan đều, đem trứng chiên chín rồi cắt sợi dài. Thế là xong phần sơ chế cho món kimbap Hàn Quốc rồi đó.', '2.45.jpg', 'Cách làm kimbap Hàn Quốc: Trải tấm tre lên mặt thớt, đặt miếng rong biển lên trên. Trải đều cơm đến khoảng 2/3 miếng, chừa một đoạn đầu tiên. Trên lá rong biển có những vạch ngang song song, dùng những vạch này để làm mốc giới hạn trét cơm cho thẳng. Chú ý lớp cơm không nên rải quá dày, khi cuộn kimbap Hàn Quốc sẽ quá to.', '2.46.jpg', 'Xếp từng sợi nguyên liệu đã chuẩn bị sao cho dàn cho hết chiều ngang của tấm rong biển. Giữ các nguyên liệu không bị xô lệch, từ từ cuộn tròn, vừa cuộn vừa nắn chỉnh cho cuộn cơm thật chặt. Cứ thế cuốn đến hết tấm rong biển.', '2.47.jpg', 'Dùng dao thật sắc, cắt kimbap cuộn rong biển có độ dày khoảng 1-1.5 cm là có thể thưởng thức nước chấm tùy thích. Kimbap Hàn Quốc này được biến tấu chút xíu để hợp với khẩu vị của người Việt nhé. Ngoài ra, có rất nhiều loại nhân kimbap hàn Quốc cực ngon và phổ biến như thịt ba chỉ, kim chi hay thậm chí là trái cây nữa đó.', '2.48.jpg', NULL, NULL, NULL, NULL, 1, 1, 0, 320, NULL, NULL),
(53, 'Sa kê chiên giòn', 89, 2, 6, 'Quả sa kê 300 gr,\nBột chiên giòn 50 gr,\nTrứng gà 1 quả,\nMè trắng 2 muỗng canh,\nDầu ăn 1/2 chén,\nMuối 1 muỗng cà phê\n', 35, 2, 'Cách làm sa kê chiên giòn ngon: Chọn mua quả sa kê còn xanh và cứng. Gọt vỏ quả sa kê, cắt làm 4 và bỏ phần lõi. Sau đó, cắt lát dày khoảng 1cm đến 1.5cm, ngâm ngay các miếng sa kê vừa cắt vào nước pha 1 muỗng cà phê muối để khỏi bị thâm đen.', '2.49.jpg', 'Làm hỗn hợp bột chiên sa kê: Đập trứng gà cho ra chén, khuấy đều. Tiếp theo, cho bột chiên giòn, mè trắng vào chén trứng, trộn đều như hình bên.Để làm sa kê chiên giòn ngon thì hỗn hợp bột chiên không pha quá lỏng hay quá sánh đặt. Để nhúng sa kê vào bột dễ bám hơn', '2.51.jpg', 'Cách làm sa kê chiên giòn: Đun nóng nhiều dầu ăn trong chảo (hoặc nồi nhỏ). Nhúng các miếng sa kê vào hỗn hợp trứng, bột chiên và mè đã trộn ở trên. Thả nhẹ nhàng vào chảo. Sa kê tẩm bột chiên ngập dầu cho đến khi vàng giòn đều các mặt thì vớt ra để ráo dầu. Nên chiên sa kê ngập dầu để đảm bảo miếng sa kê chiên giòn đều. Lúc chiên sa kê nên mở lửa nhỏ vừa. Khi sa kê chiên chín thì mới mở to lửa cho sa kê giòn rồi vớt ra ngay.', '2.52.jpg', 'Cho sa kê chiên giòn ra đĩa, chấm cùng tương ớt hoặc tương cà hay sốt mayonnaise tùy thích. Món sa kê chiên giòn làm món ăn vặt hoặc khai vị cho bữa cơm gia đình đều rất tuyệt. Sa kê chiên xong nên dọn ra và dùng ngay, vì để lâu ngoài không khí dễ bị ỉu mềm. Nếu công phu hơn, bạn có thể làm sa kê lắc phô mai hay xí mụi để ăn vặt rất ngon tuyệt vời đấy.', '2.53.jpg', NULL, NULL, NULL, NULL, NULL, NULL, 2, 1, 0, 320, NULL, NULL),
(54, 'Trứng chén nướng', 90, 2, 9, 'Trứng cút 16 quả,\nHành lá 2 cây,\nXúc xích heo 4 cây,\nHành phi 5 gr,\nChà bông 5 gr,\nPhô mai 4 viên(Bò cười),\nNước mắm 1 muỗng canh,\nTiêu 1/2 muỗng cà phê,\nĐường trắng 1 muỗng cà phê\n', 30, 4, 'Chuẩn bị tất cả các nguyên liệu: Xúc xích cắt lát mỏng, hành lá rửa sạch rồi cắt nhỏ. Hành phi, chà bông có thể mua sẵn ở các cửa hàng bán nguyên liệu khô.', '2.54.jpg', 'Nhóm lửa bếp than, sử dụng chén làm bánh bèo, đập mỗi chén 4 quả trứng cút, thêm hành lá cắt nhỏ lên trên mặt.', '2.55.jpg', 'Nướng chén trứng trên bếp than đến khi trứng gần chín thì thêm các topping: xúc xích cắt lát mỏng, hành phi, chà bông, phô mai lên trên chén trứng nướng.', '2.56.jpg', 'Làm nước sốt chấm kèm: cho nước mắm, đường vào chén hòa tan đường rồi thêm tiêu vào, vắt thêm chút chanh chua chua ngọt ngọt. Trứng chín, lấy chén xuống, chấm kèm nước sốt và thưởng thức cùng ly trà chanh nữa nhé!', '2.57.jpg', NULL, NULL, NULL, NULL, NULL, NULL, 3, 1, 0, 320, NULL, NULL),
(55, 'Bánh chiffon sữa chua', 91, 2, 6, 'Bột mì 70 gr,\nSữa chua 85 gr,\nDầu ăn 45 ml,\nTrứng gà 4 quả,\nĐường trắng 60 gr,\nMuối 1 gr', 40, 4, 'Trộn bột bánh chiffon sữa chua: Cho sữa chua, dầu ăn và một ít muối vào thố rồi trộn đều. Tiếp đó rây bôt mì vào và trộn đều. Trứng tách lấy lòng đỏ cho vào âu bột, phần lòng trắng cho vào một âu khác. Trộn đều cho hỗn hợp bột mịn mượt', '2.58.jpg', 'Phần lòng trắng bạn cho vài giọt giấm trắng vào, dùng máy đánh trứng đánh ở tốc độ thấp đến khi lòng trắng trứng nổi bọt thì bạn cho 1/3 lượng đường vào, đánh cho đường tan, tiếp đó lại 1/3 lượng đường tiếp theo và đánh bông tiếp, rồi cuối cùng cho nốt phần đường còn lại vào và đánh cho lòng trắng trứng bông cứng là được. Cách làm bánh chiffon sữa chua thành công hay không là ở bước đánh bông lòng trắng này đó.', '2.61.jpg', 'Lấy 1/3 lượng lòng trắng trứng đã đánh bông cứng vào âu bột đã trộn trứng, bạn trộn đều cho thành hỗn hợp mịn lỏng. Đổ hỗn hợp bột đã trộn vào âu lòng trắng trứng. Bạn dùng phới dẹt nhẹ nhàng trộn cho quyện (thao tác này bạn nhớ làm nhẹ nhàng để bọt khí không bị vỡ nhé, tránh để bánh chiffon sữa chua của mình bị xẹp nhé)', '2.62.jpg', 'Bột sau khi trộn đổ vào khuôn làm bánh chiffon. Làm nóng lò nướng trước khi cho bánh vào nướng. Bạn nướng bánh ở 160 độ C trong khoảng 40 phút. Khi bánh chín lấy bánh ra úp ngược để trên giá sắt cho bánh nguội bớt mới lấy bánh chiffon sữa chua ra khỏi khuôn.', '2.63.jpg', 'Bánh chiffon sữa chua là món bánh tráng miệng mà khi ăn từng miếng bánh xốp mềm tan ngay trong miệng. Khác với các loại bánh chiffon thông thường. Với món bánh này bạn sẽ cảm nhận được ngay vị chua chua ngọt ngọt mà không hề tạo cảm giác ngán ngấy. Cách làm bánh chiffon sữa chua cũng không hề khó, chắc chắn các thành viên trong gia đình bạn sẽ thích món bánh này lắm đấy.', '2.64.jpg', NULL, NULL, NULL, NULL, 4, 1, 0, 320, NULL, NULL),
(56, 'Lê chưng mát ngọt', 92, 2, 5, 'Lê 1 trái(To),\nTáo tàu 3 trái,\nThanh quế 1 miếng,\nGừng 1 củ,\nMật ong 1 muỗng canh', 40, 2, 'Gừng gạo vỏ, thái lát mỏng. Táo tào giữ lại 1 trái, còn lại thái sợi nhỏ. Thanh quế bẻ thành những đoạn nhỏ. Táo cắt 1 lát dày đầu cuốn, dùng muỗng múc rong ruột. Sau đó, nhồi vào trái lê gồm thịt trái lê, táo tàu, gừng và thanh quế. Rưới đều 1 muỗng canh mật ong lên trên rồi đậy nắp lại. Đem chưng các thủy khoảng 40-45 phút là được.', '2.65.jpg', 'Lê chưng mát ngọt với là món ăn cực bổ dưỡng có tác dụng thanh lọc cơ thể, hổ trợ chữa ho rất hiệu quả. Thay vì dùng thuốc uống, bạn có thể làm ngày món này nếu bản thân hay những thanh viên gia đình bị ho khan nhé!', '2.66.jpg', NULL, NULL, NULL, NULL, NULL, NULL, NULL, NULL, NULL, NULL, 3, 1, 0, 320, NULL, NULL),
(57, 'Bánh chiffon cam', 93, 2, 10, 'Lòng đỏ trứng gà 4 cái,\nNước cốt cam 115 ml,\nVỏ cam 1 muỗng canh,\nĐường trắng 150 gr,\nBột mì 110 gr,\nBột bắp 40 gr,\nBột nở (baking powder) 1 muỗng cà phê,\nDầu ăn 75 ml,\nLòng trắng trứng gà 4 cái(Tinh dầu),\nCream of tartar 1/2 muỗng cà phê\n', 75, 4, 'Mở lò nướng ở 170 độ C (340 độ F). Có thể lấy cục bơ lạt để thoa khắp khuôn vừa thơm, vừa dễ lấy. Bột khô bánh chiffon cam: Rây bột mì, bột bắp và bột nở cho mịn màng để qua 1 bên.', '2.67.jpg', 'Cho lòng đỏ trứng, đường (Phần A), nước cam vắt và dầu vào một âu nhôm sạch rồi dùng lồng phới đánh cho đường tan hoàn toàn rồi cho tiếp cho hỗn hợp bột vừa rây vào âu trứng và trộn đều. Cho vỏ cam đã được bào sẵn vào âu rồi trộn đều. Để riêng âu trứng bột này qua một bên.Các bạn sử dụng cam vàng để làm bánh chiffon cam nhé.', '2.68.jpg', 'Cho lòng trắng trứng vào một âu nhôm sạch khác. Dùng máy đánh trứng ở tốc độ trung bình cho đến khi trứng nổi các hạt li ti nhỏ như bọt xà phòng thì cho cream of tartar vào. Đánh tiếp hỗn hợp trứng ở tốc độ cao cho đến khi trứng đủ bông nhẹ và có vân.', '2.69.jpg', 'Lấy 75gr đường chia làm 3 phần, vừa cho vào hỗn hợp trứng và đánh tiếp ở tốc độ cao cho hỗn trứng vừa đạt chóp cứng (Stiff Peak). Đến đây thì dừng lại, nếu đánh tiếp trứng sẽ bông cứng và khó trộn. Lúc này trứng đã bông mịn, nổi vân, tạo thành chóp, chóp có thể hơi cong nhưng vẫn giữ được chóp. Cách làm bánh chiffon cam thành công hay không là ở bước này đó.', '2.71.jpg', 'Cho 1/4 hỗn hợp lòng trắng trứng vào âu lòng đỏ, dùng spatula trộn nhẹ cho hỗn hợp hoà quyện rồi lặp lại công đoạn này thêm 1 lần nữa. Cho hết phần lòng trắng trứng còn lại vào âu lòng đỏ. Dùng kĩ thuật fold để trộn cho hỗn hợp hoà quyện.', '2.72.jpg', 'Cho phần bột vừa trộn vào khuôn bánh rồi lắc nhẹ khuôn cho bột dàn đều. Nướng bánh ở lò đã bật sẵn khoảng 45 đến 50 phút. Kiểm tra bánh chín bằng cách dùng ngón tay ấn nhẹ vào mặt bánh thấy bánh phồng trở lại ngay là được. Sau khi bánh đã chín tới thì lấy khuôn bánh ra khỏi lò. Úp một chiếc bát lên rack, rồi úp khuôn bánh lên chiếc bát. Để bánh chiffon cam nguội hoàn toàn. Cần phải úp bánh để bánh thoát ẩm.', '2.73.jpg', NULL, NULL, 2, 1, 0, 320, NULL, NULL),
(58, 'Bánh chiên nhân thịt nấm', 94, 2, 16, 'Khoai tây 25 gr,\nĐường trắng 20 gr,\nBột nếp 150 gr,\nBột gạo 40 gr,\nMuối 1/4 muỗng cà phê,\nThịt heo bằm 100 gr,\nNấm mèo 4 cái(Khô),\nHành tây 1 củ,\nMiến 50 gr(Miến dong),\nHạt nêm 1/2 muỗng cà phê,\nĐường trắng 1 muỗng cà phê,\nDầu hào 1 muỗng canh,\nDầu mè 1/2 muỗng cà phê,\nHành lá 1 nhánh,\nTrứng cút 6 quả,\nDầu ăn 500 ml', 45, 6, 'Làm nhân bánh chiến nhân thịt nấm: Miến dong ngâm nước, cắt nhỏ. Nấm ngâm nở, rửa sạch, băm nhỏ. Hành tây, hành lá băm nhỏ. Trong tô sạch, trộn đều thịt heo với miến, nấm mèo, hành tây, hành lá, 1/2 muỗng cà phê bột nêm, 1 muỗng cà phê đường, 1 muỗng canh dầu hào, 1/2 muỗng cà phê dầu mè. Sau đó lấy ít nhân thịt bọc đều quả trứng cút luộc. Để riêng trong 1 cái dĩa.', '2.74.jpg', 'Trộn bột bánh chiên nhân thịt nấm: Bột nếp, khoai tây cho vào âu trộn đều. Sau đó cho 100-120ml nước ấm vào nhồi 5-7 phút cho đến khi bột mịn không dính tay là được. Ủ bột 20 phút trước khi nặn bánh.', '2.75.jpg', 'Lấy cục bột nhỏ đè dẹt, sau đó cho nhân vào và viên tròn lại rồi bóp hơi dài như quả trứng gà. Cứ thế bạn làm hết các phần bột còn lại.', '2.76.jpg', 'Đặt chảo dầu lên bếp (dầu cần phải ngập bánh). Chờ cho dầu nóng, sau đó cho từng viên bánh vào chiên với lửa vừa. Trong khi chiên thì cố gắng di chuyển viên bột cho bánh chín đều và tròn đẹp. Khi bánh chín thì gắp bánh ra dĩa có lót giấy thấm dầu.', '2.77.jpg', 'Bánh chiên nhân thịt nấm vậy là đã hoàn thành rồi đó. Cho ra dĩa, có xà lách, rau thơm cùng với chén nước mắm dưa leo. Chắc chắn sẽ là món quà vặt quen thuộc với mọi người từ trẻ nhỏ tới người lớn, dùng ăn sáng hay ăn vặt đều hợp. Ngon nhất có thể chuẩn bị thêm chén nước chấm chua ngọt nè. Cách làm bánh chiên nhân thịt nấm cũng chẳng hề khó phải không, nhất định phải thử đó!!', '2.78.jpg', NULL, NULL, NULL, NULL, 2, 1, 0, 320, NULL, NULL),
(59, 'Cà phê bạc xỉu', 95, 2, 3, 'Cà phê 30 gr,\nSữa đặc 20 gr,\nSữa tươi 100 ml', 20, 1, 'Cho 30 gram cà phê vào phin sau đó chế nước sôi làm 2 lần, lần 1 châm 10ml nước sôi ủ trong 15 - 20 giây, lần 2 châm 100ml nước sôi.', '2.79.jpg', 'Rót 20 gram sữa đặc vào ly Ocean Tiara. Bỏ đá viên bằng 2/3 ly sau đó nhẹ nhàng rót 100 ml sữa tươi vào ly, lượng sữa tươi rót bằng mặt đá.', '2.81.jpg', 'Cho cà phê đã ủ vào bình lắc lắc đều với 1 - 2 viên đá trong thời gian từ 10 - 15 giây.', '2.82.jpg', 'Mở nắp bình lắc, rót nhẹ cà phê lên trên lớp sữa sao cho lớp cà phê nằm trên lớp sữa.', '2.83.jpg', NULL, NULL, NULL, NULL, NULL, NULL, 1, 1, 0, 320, NULL, NULL),
(60, 'Bánh chiên Doremon nhân khoai lang', 96, 2, 8, 'Bột mì 150 gr,\nBột nở (baking powder) 5 gr,\nĐường trắng 50 gr,\nTrứng gà 2 quả,\nMật ong 30 ml,\nDầu ăn 15 ml,\nKhoai lang 150 gr,\nKem whipping 50 ml', 40, 4, 'Khoai lang rửa sạch, cắt nhỏ rồi hấp chín. Sau đó, bỏ sạch vỏ khoai đi rồi nghiền nát ra, trộn đều với 25g đường, một nửa số mật ong và một chút xíu muối. Đợi cho khoai nguội hoàn toàn rồi mới cho kem whipping vào trộn đều lên nhé!', '2.84.jpg', 'Trộn bột bánh rán Doremon nhân kem khoai lang: Đánh bông trứng với đường con lại rồi cho tiếp mật ong và 15ml dầu ăn vào trộn cùng. Tiếp đến, cho bột mì và bột nở vào. Sau cùng mới đến lượt 50ml nước.', '2.85.jpg', 'Nhúng giấy thấm vào dầu ăn rùi dùng để lau chảo. Sau đó, đợi khi chảo nóng thì múc từng thìa bột nhỏ vào chiên vàng hai mặt. Đợi cho bánh nguội hẳn rồi kẹp nhân khoai lang vào nữa thôi!', '2.86.jpg', 'Đọc truyện thấy Doremon thích ăn cái này làm mình cũng thèm! Bánh rán Doremon nhân kem khoai lang được biến tấu một chút để thay thế cho nhân đậu đỏ truyền thống, sẽ mang đến hương vị mới lạ cho bạn và cả nhà. Rảnh rang cuối tuần các bạn hãy thử cách làm bánh rán Doremon nhân kem khoai lang siêu ngon và dễ thương này nhé!!', '2.87.jpg', NULL, NULL, NULL, NULL, NULL, NULL, 3, 1, 0, 320, NULL, NULL),
(61, 'Chân gà ngâm sả tắc cay', 100, 2, 12, 'Chân gà 10 cái,\nGừng 1 củ,\nMuối hột 1 muỗng cà phê,\nLá chanh 6 lá,\nSả 6 cây,\nTỏi 4 tép,\nTrái tắc 4 trái,\nNước mắm 40 ml,\nĐường trắng 40 gr,\nGiấm 20 ml,\nỚt 2 trái,\nNước cốt chanh 30 ml', 2, 35, 'Đun sôi 400ml nước với lá chanh, sả cắt khúc. Cho chân gà vào, luộc chín. Tránh luộc chân gà quá chín làm chân gà ngâm dễ bỡ và đổ nhớt', '3.1.jpg', 'Vớt chân gà luộc vừa chín tới ra, ngâm vào tô nước nước đá có pha 30ml nước cốt chanh sẽ giúp da gà săn lại, nước chanh giúp chân gà ngâm trắng và ít bị thâm. Vớt chân gà ra, cho vào tủ lạnh để chân gà se lại (Khâu làm lạnh và khô chân gà này không thể thiếu, để tránh làm chân gà ngâm bị nhớt nhé).', '3.2.jpg', 'Nấu nước làm chân gà ngâm ngon chuẩn: Đun 100ml nước với trái tắc, 40gr đường trắng, khuấy đều cho đường tan hết. Tắt bếp, để nguội, thêm lá chanh cắt sợi, sả cắt nhỏ, tỏi, 40ml nước mắm, 20ml giấm, ớt vào, khuấy đều.', '3.3.jpg', 'Cho hỗn hợp nước mắm, tắc vào hũ thủy tinh. Cho chân gà vào, đậy kín nắp, để chân gà ngâm sả tắc cay khoảng 1 ngày trong ngăn mát tủ lạnh là có thể ăn được.', '3.4.jpg', 'Chân gà ngâm sả tắc cay là món ăn vặt thơm ngon, cho cả nhà nhâm nhi cực thỏa thích. Cách làm chân gà ngâm sả tắc đơn giản này thích hợp với nhiều bạn làm lần đầu.', '3.5.jpg', NULL, NULL, NULL, NULL, 1, 1, 0, 320, NULL, NULL),
(62, 'Bánh chiffon cam', 101, 2, 10, 'Lòng đỏ trứng gà 4 cái,\nNước cốt cam 115 ml,\nVỏ cam 1 muỗng canh,\nĐường trắng 150 gr,\nBột mì 110 gr,\nBột bắp 40 gr,\nBột nở (baking powder) 1 muỗng cà phê,\nDầu ăn 75 ml,\nLòng trắng trứng gà 4 cái(Tinh dầu),\nCream of tartar 1/2 muỗng cà phê\n', 4, 75, 'Mở lò nướng ở 170 độ C (340 độ F). Có thể lấy cục bơ lạt để thoa khắp khuôn vừa thơm, vừa dễ lấy. Bột khô bánh chiffon cam: Rây bột mì, bột bắp và bột nở cho mịn màng để qua 1 bên.', '3.6.jpg', 'Cho lòng đỏ trứng, đường (Phần A), nước cam vắt và dầu vào một âu nhôm sạch rồi dùng lồng phới đánh cho đường tan hoàn toàn rồi cho tiếp cho hỗn hợp bột vừa rây vào âu trứng và trộn đều. Cho vỏ cam đã được bào sẵn vào âu rồi trộn đều. Để riêng âu trứng bột này qua một bên.', '3.7.jpg', 'Cho lòng trắng trứng vào một âu nhôm sạch khác. Dùng máy đánh trứng ở tốc độ trung bình cho đến khi trứng nổi các hạt li ti nhỏ như bọt xà phòng thì cho cream of tartar vào. Đánh tiếp hỗn hợp trứng ở tốc độ cao cho đến khi trứng đủ bông nhẹ và có vân.', '3.8.jpg', 'Lấy 75gr đường chia làm 3 phần, vừa cho vào hỗn hợp trứng và đánh tiếp ở tốc độ cao cho hỗn trứng vừa đạt chóp cứng (Stiff Peak). Đến đây thì dừng lại, nếu đánh tiếp trứng sẽ bông cứng và khó trộn. Lúc này trứng đã bông mịn, nổi vân, tạo thành chóp, chóp có thể hơi cong nhưng vẫn giữ được chóp. Cách làm bánh chiffon cam thành công hay không là ở bước này đó.', '3.9.jpg', 'Cho 1/4 hỗn hợp lòng trắng trứng vào âu lòng đỏ, dùng spatula trộn nhẹ cho hỗn hợp hoà quyện rồi lặp lại công đoạn này thêm 1 lần nữa. Cho hết phần lòng trắng trứng còn lại vào âu lòng đỏ. Dùng kĩ thuật fold để trộn cho hỗn hợp hoà quyện.', '3.11.jpg', 'Dùng dao rọc nhẹ dưới đáy bánh rồi úp ngược bánh xuống để bánh rời hoàn toàn khỏi luôn. Khi dùng thì nên cắt ra từng phần nhỏ để vào đĩa rồi để phần bánh chiffon cam dư vào tủ lạnh để bảo quản nhé. Cách làm bánh chiffon hơi cầu kỳ phải không nào, nhưng mà ngon lắm đó, rất thích hợp cho các bạn mới bước chân vào bếp bánh nè.', '3.12.jpg', NULL, NULL, 3, 1, 0, 320, NULL, NULL),
(63, 'Súp bắp cua', 102, 2, 15, 'Dầu mè 2 muỗng canh,\nTỏi 3 tép,\nGừng 1 miếng,\nBắp Mỹ 1 trái,\nHành lá 1 cây,\nThịt cua 200 gr,\nNước dùng 400 ml(Nước hầm xương heo),\nNước tương 2 muỗng canh,\nTiêu 1/2 muỗng cà phê,\nBột bắp 50 gr,\nTrứng gà 1 quả,\nDầu ăn 2 muỗng canh,\nMuối 1 muỗng cà phê,\nBột ngọt 1 muỗng cà phê,\nNgò rí 1 nhánh', 2, 35, 'Bước 1: Làm nóng 2 muỗng canh dầu ăn trong một chảo to và sâu lòng. Cho gừng, tỏi băm vào phi thơm rồi cho bắp mỹ và hành lá vào, xào khoảng 2 phút.', '3.13.jpg', 'Cho thịt cua vào xào cùng. Nêm 1 muỗng cà phê muối, 1 muỗng cà phê bột ngọt. Xào nhanh tay khoảng 1 phút.', '3.14.jpg', 'Cho nước dùng vào nấu cùng với bắp và cua. Nêm 2 muỗng canh nước tương.', '3.15.jpg', 'Khi nước dùng sôi, hoà tan bột bắp trong 1/3 chén nước, cho vào nồi nước súp, khuấy đều. Trứng gà tách lấy lòng trắng trứng, rót từ từ vào nồi súp đang sôi, vừa rót vừa dùng muỗng khuấy cho lòng trắng tan đều. Sôi thêm 1 phút nữa thì tắt bếp.', '3.16.jpg', 'Múc súp bắp cua ra tô, cho thêm ngò rí, tiêu, dầu mè. Ăn ngay khi còn nóng.', '3.17.jpg', NULL, NULL, NULL, NULL, 1, 1, 0, 320, NULL, NULL),
(64, 'Bánh canh Nam Phổ xứ Huế', 103, 2, 8, 'Bột gạo 2 chén,\nBột năng 1 chén,\nNước 250 ml,\nNước 2 chén,\nTôm tươi 200 gr,\nGiò sống 100 gr,\nThịt ba chỉ 200 gr,\nMắm ruốc 1 muỗng cà phê(Huế)', 5, 40, 'Trước khi nấu bánh canh Nam Phổ cần: Rửa sạch tôm, luộc chín rồi bóc sạch vỏ tôm, cho vào cối giã nhỏ (giữ lại nước luộc tôm). Rửa sạch thịt ba rọi (thịt ba chỉ), bỏ da, cắt nhỏ rồi đem xay nhuyễn.', '3.18.jpg', 'Làm chả tôm thịt giò sống: Trộn đều thịt xay + giò sống + tôm giã nhỏ, nêm 1 muỗng hành củ tím băm, 1 muỗng cà phê đường, 1 muỗng cà phê tiêu, 1 muỗng canh hạt nêm, 1 muỗng canh nước mắm, 1 muỗng cà phê bột ngọt, 1 muỗng canh màu dầu điều, mang bao tay thực phẩm, nhồi cho chả quyện đều. Khi chả tôm thịt đã dẻo mịn, ướp 30 phút.', '3.19.jpg', 'Làm dầu màu điều: cho hột màu điều vào chén, nấu sôi dầu rồi chế vào chén hột điều đó, rồi lọc lấy qua rây bỏ hột, được chén dầu điều. Cho ruốc vào 1/2 chén nước lạnh khuấy tan.', '3.21.jpg', 'Cách nấu bánh canh Nam Phổ Xứ Huế: Đun sôi nồi nước, cho sợi bánh canh xắt vào luộc. Khi sợi bánh canh xắt chín sẽ nổi lên và bột sẽ trong. Sau đó cho 1/2 chén nước bột năng đã pha vào nồi khuấy đều, đem xuống ngâm sợi bánh canh trong nồi như vậy 1 giờ cho sợi bánh canh xắt nở và mềm.', '3.22.jpg', 'Cho nồi nước luộc tôm lên bếp + nước ruốc đã lọc sạch cặn (cho nước ruốc vào từ lúc nước nguội), đổ thêm nước, rồi nấu sôi. Nước trong nồi sôi, lấy đĩa nhân ở bước 3 dùng tay tách nhỏ phần tôm thịt đó thả vào nồi cho đến hết, nêm nếm gia vị một lần nữa cho vừa ăn. Sau đó đổ từ từ nửa chén nước bột năng còn lại vào, quậy đều cho nồi nhân sánh lại (như nấu súp cua), rồi cho rau nêm vào + tiêu.', '3.23.jpg', 'Bánh canh Nam Phổ Xứ Huế ăn cùng hành, ngò, rau răm xắt nhỏ với chén nước mắm ớt mặn. Khi ăn, múc sợi bánh xắt ra tô trước rồi mới múc chả tôm thịt lên trên, rắc tiêu và nước mắm ớt, sau đó trộn đều lên, thưởng thức. Sợi bánh canh Nam Phổ mềm, thơm ngon vô cùng, ăn rất ấm bụng, thích hợp cho bữa ăn ngày lạnh.', '3.24.jpg', NULL, NULL, 2, 1, 0, 320, NULL, NULL),
(65, 'Kim chi Hàn Quốc', 104, 2, 15, 'Cải thảo 1 kg,\nMuối hột 280 gr,\nCà rốt 1 củ,\nCủ cải trắng 1 củ,\nHành lá 50 gr,\nHành tây 30 gr,\nGừng 10 gr,\nTáo 30 gr,\nCá cơm 20 gr,\nXôi nếp 70 gr,\nỚt bột 20 gr(Hàn Quốc),\nNước mắm 60 ml,\nĐường trắng 50 gr,\nTỏi 10 gr,\nHành boa rô 20 gr', 4, 150, 'Chuẩn bị nguyên liệu làm kim chi gồm có cải thảo, cà rốt, hành lá, hành boa-rô. Phần sốt trộn kim chi Hàn Quốc gồm: gừng, tỏi, hành tây, táo, cá cơm khô, xôi trắng, gia vị là đường và nước mắm.', '3.25.jpg', 'Bổ cải thảo ra làm 4, cắt thành miếng vừa ăn, rửa dưới vòi nước 3-4 lần cho sạch đất có trong cải. Cải thảo phải sạch thì kim chi Hàn Quốc mới ngon được. Gọt vỏ cà rốt, cắt sợi dài. Gọt vỏ củ cải, cắt khúc nhỏ. Cắt khúc hành lá khoảng 5cm.', '3.26.jpg', 'Pha 200gr muối hột với 2 lít nước. Ngâm cải thảo trong 4 giờ. Vớt cải ra rửa lại với nước lạnh (2-3 lần), vắt ráo nước. Hòa tan 80gr muối với 800ml nước, cho cà rốt và củ cải vào ngâm khoảng 40 phút cho củ cải hết hăng.', '3.27.jpg', 'Cho táo, gừng, tỏi, hành tây, nước dùng và xôi vào xay nhuyễn. Cho nước mắm, đường và ớt bột Hàn Quốc vào xay chung cho hòa quyện để làm sốt trộn kim chi Hàn Quốc.', '3.28.jpg', 'Cho sốt kim chi Hàn Quốc vào trộn đều với củ cải, cà rốt, hành lá và hành boa-rô. Tiếp theo cho cải thảo vào trộn chung cho thấm. Để 1 ngày ở nhiệt độ phòng là dùng được.', '3.29.jpg', 'Món kim chi Hàn Quốc thơm ngon chuẩn vị đã hoàn thành. Cách làm kim chi ngon thật đơn giản đúng không nào? Kim chi Hàn Quốc có thể dùng làm đồ ăn kèm của rất nhiều món khác nhau như thịt nướng, cơm trộn, canh, súp... Chúc các bạn thành công với hướng dẫn làm kim chi siêu đơn giản mình giới thiệu hôm nay nhé, nhớ chia sẻ thành phẩm với mình nha!', '3.31.jpg', NULL, NULL, 4, 1, 0, 320, NULL, NULL),
(66, 'Bánh chả cua', 105, 2, 3, 'Thịt cua 450 gr,\nBánh quy 8 cái,\nTrứng gà 1 quả,\nMù tạt 1 muỗng canh,\nSữa chua 1 muỗng canh,\nỚt bột 1/2 muỗng cà phê,\nMuối 1/2 muỗng cà phê,\nTiêu 1/2 muỗng cà phê,\nDầu olive 1 muỗng canh\n', 2, 25, 'Bánh quy lạt bẻ vụn. Thịt cua cho vào bát cùng với trứng gà, bột ớt, muối, tiêu, bánh quy bẻ vụn, sữa chua, mù tạt. Trộn đều và vo viên hỗn hợp. Bắc chảo lên bếp cùng dầu olive, áp chảo bánh chả cua cho chín vàng 2 mặt.', '3.32.jpg', 'Những viên bánh chả cua giòn tan, mềm mềm, nóng hổi trông thật bắt mắt, trẻ em hay người lớn cũng đều yêu thích. Món này chấm kèm tương ớt hay tương cà đều ngon. Cách làm bánh chả cua thật nhanh gọn và đơn giản phải không nào, nhất định phải làm thử để đãi gia đình thân yêu của mình nhé.', '3.33.jpg', NULL, NULL, NULL, NULL, NULL, NULL, NULL, NULL, NULL, NULL, 1, 1, 0, 320, NULL, NULL),
(67, 'Cơm cháy chà bông giòn rụm', 106, 2, 9, 'Gạo nếp 300 gr,\nChà bông 200 gr,\nDầu ăn 500 ml,\nNước mắm 3 muỗng canh,\nHạt nêm 1/2 muỗng cà phê,\nĐường trắng 2 1/2 muỗng canh,\nHành lá 2 nhánh,\nỚt bột 1 muỗng cà phê,\nTiêu 1/2 muỗng cà phê', 4, 25, 'Ngâm nếp qua đêm, sau đó vo sạch và để ráo. Cho nếp vào nồi cơm điện, cho lượng nước thấp hơn sơ với mực nếp. Bật nút nấu, sau khi chuyển qua chế độ hâm nóng thì bạn bật lại để nấu thêm một lần nữa. Sau đó đợi thêm 30 phút sau thì nếp chín. Khi nếp chín, cho vào 2 muỗng hành lá cắt nhuyễn, 1 muỗng canh nước mắm, 1 muỗng canh dầu ăn, 1/2 muỗng cà phê hạt nêm, 1/2 muỗng canh đường và 1/2 muỗng cà phê tiêu xay. Trộn đều để nếp thấm gia vị. Cơm cháy chà bông giòn rụm có thể nêm cho hợp với khẩu vị của bạn ở bước này nhé. Cho nếp đã trộn với gia vị ra một cái khuôn, ép thật chặt tay có độ dày khoảng 0.5cm. Bạn cũng có thể chia nhỏ thành những miếng vừa ăn cho tiện cũng được (3cmx5 cm). Cho miếng bánh nguội thì cho vào lò nướng sấy với nhiệt độ khoảng 80-100 độ C trong khoảng 90-120 phút. Chỉ cần thấy miếng bánh được sấy thật khô, cầm không dính tay và có độ giòn là được. Bây giờ chỉ cần chiên là cơm cháy chà bông giòn rụm hoàn thành rồi. Cho chảo lên bếp, cho dầu vào, đợi dầu nóng già mới c', '3.34.jpg', 'Làm sốt cơm cháy chà bông: 2 muỗng canh đường, 2 muỗng canh nước mắm và 2 muỗng canh nước lọc. Bạn có thể thêm bột ớt nếu thích ăn cay. Phết hỗn hợp sốt đã chuẩn bị lên bề mặt bánh, sau đó rắc chà bông lên trên cùng. Bạn có thể ăn ngay, cũng có thể ăn kèm với ít dưa chua và tương ớt. Bảo quản ở nơi kín gió và cũng không nên bảo quản lâu quá cơm cháy chà bông sẽ hỏng hoặc không còn giòn nữa. Cách làm cơm cháy chà bông đơn giản quá phải không nào, rảnh rỗi các bạn làm thử ăn nhé, sẽ bất ngờ vì hương vị đó.', '3.35.jpg', NULL, NULL, NULL, NULL, NULL, NULL, NULL, NULL, NULL, NULL, 1, 1, 0, 320, NULL, NULL),
(68, 'Trứng cút lộn xào me', 107, 2, 11, 'Trứng cút 20 quả(Trứng cút lộn),\nBột bắp 2 muỗng canh,\nMe 50 gr,\nỚt 2 trái,\nTỏi băm 2 muỗng cà phê,\nDầu ăn 1 muỗng canh,\nĐường trắng 1 muỗng canh,\nHạt nêm 1/2 muỗng cà phê,\nỚt bột 1/2 muỗng cà phê,\nTiêu 1/3 muỗng cà phê,\nRau răm 100 gr', 2, 35, 'Rửa sạch sơ vỏ trứng cút, cho trứng cút vào nồi luộc chín. Cho trứng cút luộc ra ngâm nước lạnh một lúc rồi bóc sạch vỏ trứng cút, áo qua một lớp bột bắp, cho ra đĩa cùng ớt cắt mỏng, rau răm rửa sạch. Cách làm sốt me: Cho me chín vào chén cùng 1 chén nước nóng, dầm nhuyễn cho me tan ra, bỏ hạt. Phi thơm tỏi băm với dầu ăn, cho 1 muỗng canh đường trắng, 1/2 muỗng cà phê hạt nêm, 1/2 muỗng cà phê ớt bột, 1/3 muỗng cà phê tiêu vào, khuấy đều. Đổ từ từ nước cốt me vào, khuấy đều nhỏ lửa cho sôi.', '3.36.jpg', 'Khi nước sốt me sôi, cho trứng cút lộn, ớt, rau răm vào, đảo đều nhẹ tay 2 phút cho trứng cút ngấm gia vị thì tắt bếp.', '3.37.jpg', 'Tắt bếp, bày món trứng cút lộn xào me ra đĩa. Chan luôn phần nước sốt me lên trên, dùng ngay nhé! Màu sắc đẹp mắt, món ăn lôi cuốn sẽ thu hút cả nhà đấy. Vị chua chua, béo béo của nước sốt cùng bùi bùi của cút lộn chắc chắn bạn sẽ nghiện ăn ngay cho xem. Lưu ngay cách làm trứng cút lộn xào me để dành làm món ăn vặt cho bỏ thèm hoặc làm mồi nhậu bia cuối tuần nhé.', '3.38.jpg', NULL, NULL, NULL, NULL, NULL, NULL, NULL, NULL, 2, 1, 0, 320, NULL, NULL),
(70, 'Chả lụa thịt gà', 109, 2, 8, 'Thịt gà 700 gr,\nBột bắp 40 gr,\nNước mắm 1 muỗng canh,\nHạt nêm 1 muỗng cà phê,\nTiêu 1 muỗng cà phê,\nĐường trắng 1 muỗng cà phê,\nBột nở (baking powder) 30 gr,\nLá chuối 3 miếng\n', 4, 50, 'Bước 1: Trải một lớp màng bọc thực phẩm lên mâm sau đó đặt 3 lớp lá chuối lên màng bọc thược phẩm. Cho phần chả lụa lên trên sau đó khéo léo cuốn cả màng bọc thực phẩm và lá chuối lại như gói bánh tét. Cắt phần lá dư sao cho vừa đủ gấp mép rồi gấp 1 đầu lại. Dựng đứng cây chả lên dùng muỗng nén chặt chả sau đó cắt lá và gấp luôn phần còn lại. lăn cho cây chả được tròn và dùng lạt buộc chả lại (h10.3)', '3.46.jpg', 'Dùng giấy bạc bọc cây chả lại sau đó cho vào nồi hấp 45 phút cho giò chín kĩ. Khi chả lụa chín thì lấy chả lụa cho ra rổ để nguội.', '3.47.jpg', 'Khi chưa dùng tới ta có thể bảo quản chả lụa gà trong ngăn mát tủ lạnh trong 15 ngày. Khi dùng ta dùng dao cát khoanh tròn hay cắt miếng nhỏ tùy mục đích sử dụng.', '3.48.jpg', NULL, NULL, NULL, NULL, NULL, NULL, NULL, NULL, 2, 1, 0, 320, NULL, NULL),
(71, 'Bắp bò nhúng mẻ', 110, 2, 20, 'Bắp bò 600 gr,\nBún tươi 500 gr,\nTrứng gà 1 quả,\nDưa leo 3 trái,\nBánh tráng 3 miếng,\nCà chua 3 trái,\nThơm 1/2 trái,\nChuối chát 3 trái,\nKhế 3 trái,\nHành tây 1 củ\nSả 2 cây,\nCơm mẻ 1 muỗng canh,\nNước mắm 1 muỗng canh,\nDầu ăn 4 muỗng canh,\nMuối 1 muỗng cà phê,\nHạt nêm 1 muỗng cà phê,\nXà lách 300 gr,\nỚt băm 1 muỗng cà phê,\nTỏi băm 1 muỗng cà phê,\nHành tím băm 1 muỗng canh,\nĐường trắng 1 muỗng canh,\nMắm nêm 2 muỗng canh\n', 4, 40, 'Xếp bắp bò cắt lát, hành tây lên đĩa, đập một trứng gà trang trí ở giữa. Cho khế, chuối chát, dưa leo ra đĩa cùng bún.', '3.49.jpg', 'Làm nóng chảo với 2 muỗng canh dầu ăn, phi thơm sả, cà chua. Sau đó, đổ nước mẻ vào, nấu sôi. Nêm gia vị nước mắm, muối, hạt nêm sao cho vừa ăn.', '3.51.jpg', 'Mắm nêm: Phi thơm hành tím băm với 2 muỗng canh dầu ăn. Cho thơm, 1 muỗng canh đường vào xào qua, cho ra đĩa.', '3.52.jpg', 'Hòa tan ớt băm, tỏi băm với 1/3 chén nước sôi để nguội. Thêm 2 muỗng canh mắm nêm, thơm đã xào vào cùng, khuấy đều.', '3.53.jpg', 'Như vậy, bắp bò nhúng mẻ đã hoàn thành rồi. Bạn hãy ăn kèm với bún tươi, bánh tráng và các nguyên liệu đã chuẩn bị trên. Thịt bò mềm ngọt, nước dùng chua chua, kẹp rau thơm chấm chút mắm nêm hấp dẫn thì còn gì bằng phải không nào. Các bạn nhớ lưu cách làm lẩu bắp bò nhúng mẻ này để đãi gia đình một bữa ra trò nhé.', '3.54.jpg', NULL, NULL, NULL, NULL, 2, 1, 0, 320, NULL, NULL),
(72, 'Gỏi củ hũ dừa tôm thịt', 111, 2, 20, 'Nước mắm 100 gr,\nĐường trắng 100 gr,\nBột ngọt 10 gr,\nNước cốt chanh 50 ml,\nTương ớt 3 muỗng canh,\nTỏi băm 30 gr,\nỚt băm 30 gr,\nngo băm 30 gr,\nThịt ba chỉ 200 gr,\nTôm tươi 200 gr,\nCủ hũ dừa 300 gr,\nCà rốt 150 gr,\nDưa leo 150 gr,\nHành phi 50 gr,\nĐậu phộng rang 30 gr,\nRau răm 30 gr,\nRượu trắng 1 muỗng canh,\nGừng 3 lát,\nMuối 1/2 muỗng cà phê,\nHành tím 2 củ', 4, 30, 'Bước 1 : Rửa sạch củ hũ dừa (củ hủ dừa), xắt thành từng sợi dài vừa ăn, đừng mỏng quá sẽ làm giảm độ giòn. Chuẩn bị một thau nước lạnh, cho vào 1 muỗng cà phê đường và nặn vài lát chanh rồi cho củ hủ dừa vào ngâm để tạo vị ngọt và không làm cho gỏi củ hủ dừa bị thâm (củ hủ dừa để ngoài rất dễ bị thâm). Cà rốt gọt vỏ, dưa leo bỏ hạt và cũng cắt thành sợi như củ hủ dừa. Rau răm xắt nhỏ', '3.55.jpg', 'Rửa sạch tôm, cho vào nồi luộc với một ít rượu trắng và vài lát gừng để thịt tôm được thơm và giảm bớt mùi tanh. Khi tôm luộc chín thì bóc bỏ vỏ và xẻ thịt tôm làm đôi.', '3.56.jpg', 'Thịt ba chỉ rửa sạch với một ít muối. Cho vào nồi luộc với vài lát hành tím để thịt có mùi thơm. Khi thịt chín vớt ra để nguội một chút rồi cắt thành những lát thịt mỏng vừa ăn.', '3.57.jpg', 'Nấu nước mắm cho gỏi củ hủ dừa tôm thịt: cho nước mắm, đường trắng và bột ngọt vào nồi, khuấy đều đến khi đường và bột ngọt tan thì tắt bếp, để nguội.', '3.58.jpg', 'Món gỏi củ hủ dừa tôm thịt đúng điệu khi ăn với bánh phồng tôm và chấm với nước mắm chua ngọt rất tuyệt vời. Có thể trang trí thêm vài cọng ngò, đậu phộng béo thơm giòn giòn nè, cả nhà chắc chắn sẽ bất ngờ lắm đó. Cách làm món gỏi củ hủ dừa tôm thịt cũng không hề khó đúng không, các bạn nhớ lưu lại để trổ tài khi có dịp nhé', '3.59.jpg', NULL, NULL, NULL, NULL, 2, 1, 0, 320, NULL, NULL),
(73, 'Gỏi thịt bò trộn rau càng cua', 112, 2, 9, 'Rau càng cua 200 gr,\nThịt bò 100 gr,\nHành tây 1/2 củ,\nCà chua bi 4 trái,\nNước mắm 1 muỗng canh,\nĐường trắng 1 muỗng canh,\nChanh 1/2 trái,\nỚt băm 1/2 muỗng cà phê,\nTỏi băm 1 1/2 muỗng cà phê', 2, 35, 'Cách làm gỏi thịt bò trộn rau càng cua (rau tiêu): Nhặt sạch rau càng cua, ngâm qua nước muối pha loãng, rồi rửa sạch nhẹ nhàng, làm ráo nước cho vào tủ lạnh giữ lạnh cho rau giòn. Bóc vỏ hành tây, cắt lát mỏng.', '3.61.jpg', 'Để làm gỏi thịt bò ngấm gia vị đem thái lát mỏng thịt bò, ướp thịt bò với 1 muỗng cà phê nước tương, 1/2 muỗng cà phê hạt nêm, 1 muỗng cà phê đường, 1 muỗng cà phê dầu ăn, 1/4 muỗng cà phê tiêu, 1/2 muỗng cà phê tỏi băm. Để thịt bò ướp khoảng 15-30 phút trong ngăn mát tủ lạnh.', '3.62.jpg', 'Làm nóng chảo với dầu, phi tỏi cho thơm, cho thịt bò vào xào, thịt bò xào chín tái thì cho hành tây vào đảo đều. Nêm vừa miệng thì tắt bếp rắc tiêu lên trên.', '3.63.jpg', 'Làm nước trộn gỏi thịt bò và rau càng cua gồm: 1 muỗng canh đường, 1 muỗng canh nước mắm, 3 muỗng canh nước, nước cốt nửa trái chanh. Cho ớt và tỏi băm vào. Xếp gỏi thịt bò rau càng cua ra dĩa, trang trí vài lát cà xung quanh cho đẹp mắt. Trước khi ăn rưới nước mắm chua ngọt vào ăn cùng.', '3.64.jpg', NULL, NULL, NULL, NULL, NULL, NULL, 2, 1, 0, 320, NULL, NULL),
(74, 'Bánh bột lọc đậu xanh', 113, 2, 8, 'Đậu xanh không vỏ 100 gr,\nBột năng 200 gr,\nHành lá 2 cây,\nDầu ăn 2 muỗng canh,\nNước mắm 2 muỗng canh,\nỚt 1 trái,\nĐường trắng 1 muỗng canh,\nTỏi 3 tép', 2, 30, 'Rửa sạch đậu xanh, cho vào nồi, đổ nước ngập qua mặt đậu, nấu cho đến khi đậu chín mềm.', '3.65.jpg', 'Dùng muỗng hay vá nghiền nhỏ đậu. Sau đó viên đậu lại thành những viên tròn nhỏ.', '3.66.jpg', 'Nấu sôi nước. Đổ nước sôi từ từ vào bột năng, vừa đổ vừa dùng đũa đảo. Bột bớt nóng thì dùng tay nhào đến khi khối bột mịn và dẻo là đạt.', '3.67.jpg', 'Lấy bột dứt ra thành từng viên nhỏ, cán dẹt. Cho viên đậu xanh vào giữa rồi gấp lại như hình bên.', '3.68.jpg', 'Nấu sôi nước trong nồi. Cho bánh vào luộc đến khi thấy bánh nổi lên thì để nấu thêm khoảng 2 phút nữa là bánh chín. Xả bánh qua nước lạnh rồi vớt ra rổ, để ráo.', '3.69.jpg', 'Sắp bánh bột lọc đậu xanh ra đĩa, rưới mỡ hành. Khi ăn chấm với nước mắm tỏi ớt. Món bánh bột lọc đậu xanh đổi vị cho cả nhà, dùng cho ngày mặn hay chay đều rất ngon miệng đấy nhé. Hãy lưu lại cách làm bánh bột lọc đậu xanh để mời cả nhà ngay nhé.', '3.71.jpg', NULL, NULL, 1, 1, 0, 320, NULL, NULL),
(75, 'Gỏi gà bắp cải', 114, 2, 14, 'Đùi gà 2 cái,\nBắp cải 250 gr,\nCà rốt 1 củ,\nHành tây 1 củ,\nChanh 1 trái,\nNước mắm 2 muỗng canh,\nĐường trắng 3 muỗng canh,\nTiêu 1/4 muỗng cà phê,\nỚt 1 trái,\nGừng 1/4 củ,\nHúng quế 2 cây,\nNgo ri 3 nhánh,\nGiấm 1 muỗng canh,\nMuối 1 muỗng cà phê\n', 3, 35, 'Luộc thịt gà với gừng đập dập. Đợi nước sôi thì hạ nhỏ lửa, luộc đến khi gà vừa chín tái thì bắc xuống. Đậy vung cho thịt gà luộc chín hẳn. Để thịt gà ra đĩa cho nguội rồi xé miếng vừa ăn. Ướp thịt gà với 1/4 muỗng cà phê muối, 1/4 muỗng cà phê tiêu.', '3.72.jpg', 'Để gỏi gà bắp cải được ngon thì cần sơ chế để làm dịu sợi bắp cải và giảm độ hăng của hành tây nhé. Bổ đôi hành tây rồi cắt múi cau mỏng. Trộn hành tây với 2 muỗng canh đường và 1 muỗng canh giấm. Để khoảng 15-20 phút cho hành tây bớt hăng. Thái sợi bắp cải, rửa sạch, giũ ráo nước, bóp bắp cải với 1 muỗng cà phê muối. Để bắp cải khoảng 10 phút thì chắt bỏ hết nước.Gọt vỏ cà rốt, bào sợi mỏng. Rửa sạch rau răm, thái nhỏ. Bỏ hột ớt, thái khoanh mỏng.', '3.73.jpg', 'Làm nước trộn gỏi gà bắp cải: Vắt 1 trái chanh lấy nước cốt. Thêm vào 1 muỗng canh đường, 2 muỗng canh nước mắm, ớt cắt nhỏ vào và khuấy đều.', '3.74.jpg', 'Cách trộn gỏi gà bắp cải: Cho thịt gà, bắp cải, cà rốt, hành tây, vào tô trộn. Trộn đều với nước trộn gỏi gà vừa pha. Tiếp theo cho rau thơm các loại đã thái nhỏ vào và trộn đều lên.', '3.75.jpg', 'Bày gỏi gà bắp cải ra đĩa, trang trí thêm trước khi thưởng thức. Khi ăn gỏi gà thì bạn cần trộn đều lên để ngon hơn nhé! Gỏi gà bắp cải có thể chấm ăn cùng với nước mắm mặn hoặc muối tiêu chanh sẽ rất tuyệt vời đấy. Món gỏi gà bắp cải thích hợp dùng khai vị cho các bữa cơm gia đình. Cách làm gỏi gà lại siêu đơn giản, các bạn lưu ngay công thức lại nha.', '3.76.jpg', NULL, NULL, NULL, NULL, 2, 1, 0, 320, NULL, NULL),
(76, 'Bánh bột mì Ấn Độ', 115, 2, 5, 'Bột mì 200 gr,\nSữa tươi 100 ml,\nTrứng gà 1 quả,\nĐường trắng 50 gr,\nMật ong 2 muỗng cà phê', 2, 15, 'Cách làm bánh bột mì: Cho bột mì, sữa tươi và trứng gà vào tô trộn thật đều với đường. Hỗn hợp bột không được loãng, mà chỉ sền sệt.\nBạn nào thích làm bánh có vị đậm đà có thể bỏ thêm vài hạt muối.\n\n', '3.77.jpg', 'Làm bánh nướng áp chảo: Đặt chảo chóng dính lên bếp cho nóng. Sau đó múc từng muỗng bột bánh cho vào chảo, dàn đều. Bánh nướng áp chảo mà không cần cho dầu ăn. Mở lửa nhỏ vừa cho đến khi bánh nướng chín vàng thơm 2 mặt thì cho ra khỏi chảo.', '3.78.jpg', 'Pha nước chấm bánh nướng Ấn Độ: Cho mật ong vào chén, thêm rau húng quế băm nhỏ nếu thích. Bày bánh bột mì Ấn Độ nướng chín ra đĩa ăn với nước chấm mật ong vừa pha rất ngon miệng. Món bánh bột mì Ấn Độ dùng ăn chơi hoặc đổi vị cho bữa sáng cả nhà đều rất tuyệt.', '3.79.jpg', NULL, NULL, NULL, NULL, NULL, NULL, NULL, NULL, 1, 1, 0, 320, NULL, NULL),
(116, 'Bầu xào nấm rơm', 120, 2, 10, 'Bầu 2 trái,\nMuối hột 1/2 muỗng canh,\nNấm rơm 400 gr,\nHạt nêm chay 1 muỗng cà phê,\nDầu ăn 2 muỗng canh,\nTiêu 1/4 muỗng cà phê,\nHành tím 2 củ,\nHành lá 3 nhánh,\nBột ngọt 1/2 muỗng cà phê,\nMuối 1/2 muỗng cà phê', 2, 35, 'Bầu gọt vỏ, rửa sạch. Thái sợi, lưu ý vì phần ruột bầu mềm hơn, bạn nên thái bản to hơn nhé. Nấm rơm rửa sạch với 1/2 muỗng canh muối hột. Để ráo. Hành tím bóc vỏ, băm nhuyễn. Hành lá rửa sạch, cắt khúc', '4.1.jpg', 'Đun nóng 2 muỗng canh dầu ăn. Cho hành tím vào phi thơm. Cho nấm rơm vào xào, nêm ½ muỗng cà phê muối.Nấu sôi lại đến khi nấm chín thì cho ruột bầu vào.', '4.2.jpg', 'Cho phần bầu xanh thái sợi vào. Nêm thêm bột ngọt, hạt nêm chay. Cả bầu và nấm rơm đều ra nước nên không cần cho nước vào món này nhé. Bầu vừa chín thì cho hành lá cắt khúc vào.', '4.3.jpg', 'Xúc bầu xào nấm rơm ra dĩa, rắc thêm tiêu và dùng nóng. Để món ăn đậm đà hơn bạn đừng quên chấm kèm một chén nước tương và ớt cắt lát nhé.', '4.4.jpg', NULL, NULL, NULL, NULL, NULL, NULL, 1, 1, 0, 320, NULL, NULL),
(117, 'Canh rau mồng tơi chay', 121, 2, 6, 'Rau mồng tơi 1 bó,\nHành boa rô 100 gr,\nDầu ăn 1 muỗng canh,\nMuối 1/2 muỗng cà phê,\nBột ngọt 1/2 muỗng cà phê,\nHạt nêm chay 1/2 muỗng cà phê\n', 3, 25, 'Rau mồng tơi nhặt lấy lá, ngắt lấy phần đọt. Rửa sạch rau mồng tơi, để ráo.\n', '4.5.jpg', 'Hành boa rô rửa sạch, cắt khúc lấy phần đầu trắng. Sau đó, phi thơm đầu trắng hành hoa rô với 1 muỗng canh dầu ăn khoảng 30 giây. Đổ 600ml nước vào, nấu sôi.', '4.6.jpg', 'Khi nước sôi, nhanh tay cho rau mồng tơi vào, nấu sôi khoảng 1 phút. Nêm gia vị 1/2 muỗng cà phê muối, 1/2 muỗng cà phê bột ngọt, 1/2 muỗng cà phê hạt nêm chay cho vừa ăn, tắt bếp.', '4.7.jpg', 'Múc canh ra tô, dùng với cơm và các món mặn nhé! Bạn có thể áp dụng món này cho thực đơn ngày thường hoặc ngày ăn chay đều được.', '4.8.jpg', NULL, NULL, NULL, NULL, NULL, NULL, 1, 1, 0, 320, NULL, NULL),
(118, 'Đậu hũ sốt Tứ Xuyên ngon', 122, 2, 10, 'Đậu hũ non 1 hộp,\nThịt heo bằm 100 gr,\nTỏi băm 2 muỗng cà phê,\nHành lá 3 nhánh,\nGừng băm 1 muỗng cà phê,\nỚt bột 10 gr,\nSa tế 1 muỗng canh,\nDầu hào 1 muỗng canh,\nDầu mè 1/2 muỗng canh,\nNước tương 1 muỗng canh\n', 3, 25, 'Cách làm đậu hũ sốt Tứ Xuyên: Lấy đậu hũ non ra khỏi hộp, rửa nhẹ qua dưới vòi nước (tránh vỡ nát), cắt thành những khối cuông nhỏ vừa ăn. Rửa sạch hành lá, cắt nhỏ.', '4.9.jpg', 'Để làm đậu hũ sốt Tứ Xuyên ngon cần phi thơm tỏi băm, gừng băm, 10g ớt bột với 1 muỗng canh dầu ăn. Sau đó, cho 2 muỗng canh sa tế ớt, 1 muỗng canh dầu hào và 1/2 muỗng canh dầu mè vào chảo, đảo đều thêm khoảng 1 phút. Tiếp đến, cho thịt heo bằm, 1 muỗng canh xì dầu (thay bằng nước tương) vào xào.', '4.11.jpg', 'Khi thịt băm xào sa tế gần chín và có màu đỏ đặc trưng của món đậu phụ Tứ Xuyên thì cho đậu hũ non đã chuẩn vị vào chảo, đảo nhẹ nhàng và lắc chảo thường xuyên để đậu phụ ngấm đều sốt sa tế. Cho thêm chút nước, hạ nhỏ lửa. Nấu đậu hũ sốt Tứ Xuyên cho sôi thêm khoảng 3-5 phút nữa thì tắt bếp.', '4.12.jpg', 'Bày trí đậu hũ sốt Tứ Xuyên ra đĩa, rắc chút hành lá lên và ăn nóng. Món đậu hũ sốt Tứ Xuyên có vị cay nồng đặc trưng, quyện cùng đậu phụ non mềm mịn, béo và thơm hương đậu nành rất hấp dẫn. Những ngày trời trở lạnh, làm đậu hũ sốt Tứ Xuyên cho cả nhà vừa giúp đổi vị thành công, vừa giúp bữa cơm gia đình thêm ấm cúng hơn nhé.', '4.13.jpg', NULL, NULL, NULL, NULL, NULL, NULL, 1, 1, 0, 320, NULL, NULL);
INSERT INTO `recipes` (`id`, `name`, `id_dish`, `id_user`, `amount`, `materials`, `eater`, `time`, `step_1`, `image_1`, `step_2`, `image_2`, `step_3`, `image_3`, `step_4`, `image_4`, `step_5`, `image_5`, `step_6`, `image_6`, `step_7`, `image_7`, `level`, `status`, `number_like`, `number_view`, `created_at`, `updated_at`) VALUES
(119, 'Bánh bột lọc chay', 123, 2, 9, 'Bột năng 200 gr,\nĐậu xanh không vỏ 50 gr,\nHành boa rô 50 gr,\nMuối 1/2 muỗng cà phê,\nĐường trắng 1/2 muỗng cà phê,\nTiêu 1/3 muỗng cà phê,\nHạt nêm chay 1 muỗng cà phê,\nỚt 1 trái,\nDầu ăn 1/2 chén', 2, 45, 'Ngâm đậu xanh không vỏ trong nước khoảng 3 giờ hoặc qua đêm. Hấp chín đậu xanh, nghiền nhuyễn. Hành boa rô rửa sạch, cắt nhỏ.', '4.14.jpg', 'Cho đậu xanh vào tô cùng 1/2 hành boa rô, 1/2 muỗng cà phê muối, 1/2 muỗng cà phê đường trắng, 1/3 muỗng cà phê tiêu, 1 muỗng cà phê hạt nêm chay, ớt cắt nhỏ, trộn đều cho tất cả hòa quyện vào nhau.', '4.15.jpg', 'Cho bột năng ra tô. Đổ 1/2 chén nước nóng vào, dùng tay trộn đều, nhào bột thật kỹ cho đến khi bột mềm, mịn. Có thể thoa đều dầu ăn vào tay để bột không bị dính.', '4.16.jpg', 'Vo bột thành từng viên tròn, nhỏ. Dùng tay ấn dẹp bột như hình', '4.17.jpg', 'Đun sôi nồi nước. Cho bánh vào, luộc chín. Khi thấy bánh trong lại thì vớt ra tô nước lạnh để bánh thêm trong và không bị dính vào nhau. Cho bánh ra đĩa, chan đều mỡ hành boa rô lên trên.', '4.18.jpg', 'Bánh bột lọc chay mềm, hơi dai dai, bùi bùi với nhân đậu xanh rất ngon. Ăn kèm nước mắm chay hoặc nước tương nhé. Cách làm bánh lọc thơm ngon hấp dẫn, nhưng lại cực đơn giản đấy nhé. Bắt tay vào làm ngay nhé!', '4.19.jpg', NULL, NULL, 2, 1, 0, 320, NULL, NULL),
(120, 'Trứng chiên đậu que', 124, 2, 4, 'Đậu que 150 gr,\nTrứng vịt 2 quả,\nMuối 1 muỗng cà phê,\nDầu ăn 1 muỗng canh\n', 2, 15, 'Rửa sạch đậu que (đậu cove) rồi thái nhỏ, đồng thời đập sẵn hai quả trứng vào chén. Cho đậu que vào trứng, thêm ít muối, đánh đều.', '4.21.jpg', 'Chuẩn bị một chảo nóng với ít dầu ăn, cho đậu và trứng vào, xoay chảo để trứng dàn đều khắp mặt chảo. Chuyển lửa vừa và nhỏ, chiên đến khi trứng vàng mặt thì lật mặt còn lại và chiên thêm một lúc nữa cho đều.', '4.22.jpg', 'Sau khi trứng được chiên vàng đều các mặt, bạn tắt bếp rồi cắt nhỏ và dọn ra đĩa để thưởng thức.', '4.23.jpg', NULL, NULL, NULL, NULL, NULL, NULL, NULL, NULL, 1, 1, 0, 320, NULL, NULL),
(121, 'Chả giò bắp', 125, 2, 11, 'Bắp nếp 2 trái,\nBắp Mỹ 2 trái,\nTàu hũ ky 200 gr(Non),\nNấm mèo 30 gr(Khô),\nNgò rí 4 nhánh,\nHành boa rô 20 gr,\nHạt nêm chay 1 muỗng cà phê,\nTiêu 1/2 muỗng cà phê,\nNước mắm chay 2 muỗng canh(Chua ngọt),\nBánh tráng 1 gói,\nDầu ăn 300 ml', 4, 55, 'Làm nhân chả giò bắp: Cho nấm mèo, tàu hủ ky, boa rô và ngò rí đã cắt nhỏ vào cùng bắp. Nêm 1 muỗng cà phê hạt nêm và 1/2 muỗng cà phê tiêu. Dùng tay trộn cho các nguyên liệu quyện vào nhau.', '4.24.jpg', 'Cuộn chả giò bắp: Vỏ bánh tráng để cuốn dùng loại có màu vàng thì khi chiên sẽ có màu vàng đẹp. Múc nhân cho lên vỏ bánh tráng và cuốn như bình thường hay cuốn chả giò.', '4.25.jpg', 'Đun nóng già 300ml dầu ăn, cho các cuộn chả giò vào chiên chín vàng giòn thì vớt ra để ráo dầu. Với cách làm chả giò bắp ngon đơn giản này, có thể kết hợp ăn kèm với nước mắm chay chua ngọt nhé! Đảm bảo chả giò bắp sẽ rất đặc biệt trên mâm cơm gia đình đấy nhé.', '4.26.jpg', NULL, NULL, NULL, NULL, NULL, NULL, NULL, NULL, 2, 1, 0, 320, NULL, NULL),
(122, 'Salad rong biển', 126, 2, 10, 'Rong biển khô 15 gr,\nXà lách frise 100 gr,\nXà lách lolo tím 100 gr,\nKhoai lang 100 gr,\nCam 1 trái(Vàng),\nNước tương 40 ml,\nĐường trắng 20 gr,\nGiấm táo 10 ml,\nDầu mè 20 ml,\nMè đen 1 gr\n', 3, 20, 'Cho 15gr rong biển khô vào tô lớn, ngâm ngập nước 15 phút cho rong nở hết. Sau đó vớt ra, rửa sạch và để rong biển ráo. Các bạn chọn mua loại rong biển đen nấu canh và lá có kích cỡ hơi to để khi trộn salad không bị nát và ăn ngon hơn.', '4.27.jpg', 'Cách làm sốt salad rong biển tươi: Cho các nguyên liệu vào chén nhỏ gồm 40ml nước tương, 20gr đường, 10ml giấm táo và 20ml dầu mè, dùng muỗng khuấy đều đến khi tan đường. Nếu các bạn không ăn chay thì cho thêm tỏi và gừng băm nhuyễn vào để 30 phút cho các nguyên liệu hòa quyện thì sốt sẽ rất thơm.', '6.28.jpg', 'Chuẩn bị trộn salad: Bóc vỏ 1 quả cam vàng và tách thành từng múi cam. Khoai lang 100gr rửa sạch gọt vỏ, bào mỏng dọc dài theo củ khoai, chiên giòn ngập dầu. Xà lách frise và xà lách lolo tím rửa sạch với nước muối, nhặt bỏ lá vàng và cọng già. Cho rong biển vào tô lớn, tiếp theo cho hai loại xà lách, sau đó đổ sốt vào trộn đều. Thêm múi cam, khoai lang chiên giòn và rắc ít mè đen trên mặt.', '4.29.jpg', 'Salad rong biển tươi có vị mặn ngọt chua chua của sốt dầu giấm, thêm chút nhẫn nhẫn đắng của xà lách frise, thơm thơm mùi dầu mè rất hấp dẫn. Salad rong biển tươi ăn kèm khoai lang chiên giòn rất lạ miệng và ngon. Chỉ mất khoảng 15 phút với cách làm salad rong biển thôi, đã có ngay tô salad rong biển tươi sốt mè màu sắc và dinh dưỡng rồi nhé!', '4.31.jpg', NULL, NULL, NULL, NULL, NULL, NULL, 1, 1, 0, 320, NULL, NULL),
(123, 'Bánh bắp chiên giòn', 127, 2, 5, 'Bắp nếp 2 trái,\nBột mì 100 gr,\nĐường trắng 50 gr,\nDầu ăn 1/2 chén,\nSữa đặc 2 muỗng canh\n', 2, 30, 'Cách làm bánh bắp: Bắp nếp tách lấy hạt, cho ra chén, bỏ lõi bắp.', '4.32.jpg', 'Cho bắp nếp, bột mì, 50gr đường trắng, 2 muỗng canh sữa đặc, 100ml nước vào tô, khuấy đều.', '4.33.jpg', 'Cách làm bánh bắp chiên giòn rụm: Làm nóng nhiều dầu ăn trong chảo, dùng muỗng múc hỗn hợp bắp nếp vào, dàn mỏng, bánh bắp chiên vàng giòn 2 mặt thì vớt ra để ráo dầu.', '4.34.jpg', 'Đợi bánh bắp chiên nguội bớt là có thể dùng ngay rồi nhé. Vị bánh bắp chiên béo ngậy, hơi nhạt nên bạn có thể chấm ăn cùng với tương ớt, tương cà hay sốt mayonnasie tùy sở thích.', '4.35.jpg', NULL, NULL, NULL, NULL, NULL, NULL, 1, 1, 0, 320, NULL, NULL),
(124, 'Bánh bao sữa chay', 128, 2, 6, 'Bột mì 250 gr,\nSữa bột 30 gr,\nSữa tươi không đường 155 ml(Hâm ấm),\nDầu ăn 30 ml,\nĐường trắng 60 gr,\nMen nở 4 gr(Dry yeast)', 3, 40, 'Cách làm bánh bao sữa: Cho 250g bột mì, 60g đường, 30g sữa bột, 4g men nở, 1/8 muỗng cà phê muối vào âu trộn đều. Sau đó cho 155ml sữa tươi vào nhồi 5 phút. Tiếp đến cho 30ml dầu ăn vào tiếp tục nhồi 1 lúc cho bột dẻo mịn, không dính tay. Ủ bột bánh bao sữa trong 50-60 phút.', '4.36.jpg', 'Qua thời gian ủ, bột bánh bao đã nở to, lấy bột bánh ra nhồi sơ lại. Chia bột bánh bao sữa thành 6-7 phần nhỏ. Vo viên tròn, đè hơi dẹp xếp lên khay ủ lại 20 phút.', '4.37.jpg', 'Cách làm bánh bao nướng áp chảo: Bắc chảo không dính lên bếp, xếp bánh vào, đậy nắp kín áp chảo 3 phút với lửa thấp. Sau đó trở mặt bánh, bạn cứ trở 1-2 lần cho mặt bánh bao nướng vàng đều là bánh chín.', '4.38.jpg', 'Bánh bao sữa chay với bánh mềm xốp, thơm thoảng mùi sữa hấp dẫn. Đặc biệt đây là món bánh chay nên phù hợp cho bữa sáng những ngày chay của tháng nhé.', '4.39.jpg', NULL, NULL, NULL, NULL, NULL, NULL, 2, 1, 0, 320, NULL, NULL),
(125, 'Hủ tiếu chay', 129, 2, 18, 'Khoai môn 100 gr,\nKhoai lang 100 gr,\nNấm đông cô 200 gr,\nHành boa rô 80 gr,\nDầu ăn 20 ml,\nHạt nêm chay 10 gr,\nVỏ hoành thánh 100 gr,\nTiêu 2 gr,\nĐậu hũ trắng 300 gr,\nLê 150 gr,\nBắp Mỹ 200 gr,\nMuối 13 gr,\nNước 2 lít,\nCà rốt 100 gr,\nCủ cải trắng 100 gr,\nCải thảo 100 gr,\nĐường phèn 10 gr,\nHủ tiếu 500 gr\n', 4, 60, 'Hoành thánh chay: Khoai môn và khoai lang hấp chín, dùng nĩa nghiền khoai cho mịn nhuyễn. Cho vào tô 100gr khoai môn, 100gr khoai lang, 100gr nấm đông cô băm nhỏ, thêm 10gr hành boa rô cắt nhỏ. Nêm gia vị gồm 20ml dầu ăn, 5gr hạt nêm chay, 2gr tiêu xay. Dùng muỗng trộn đều các nguyên liệu với nhau. Múc một muỗng nhỏ nhân vào lá hoành thánh, dùng tay gấp và xếp tròn lá hoành thánh lại với nhau.\n', '4.41.jpg', 'Đun nóng dầu ăn, cho 50gr hành boa rô cắt lát vào phi vàng thơm, sau đó vớt hành ra, tiếp tục cho 300gr đậu hũ trắng cắt miếng vuông vào chiên vàng đều các mặt. Tiếp theo cho hoành thánh vào chiên vàng giòn.', '4.42.jpg', 'Cách nấu nước lèo hủ tiếu chay: Chuẩn bị nồi lớn, cho 150gr lê cắt miếng, 200gr bắp Mỹ cắt khúc, 20gr hành boa rô cắt khúc và 3gr muối, đổ vào 2 lít nước. Đậy nắp và hầm nhỏ lửa trong 60 phút.', '4.43.jpg', 'Sau khi hầm 60 phút, vớt bỏ phần xác rau củ, lọc lấy nước dùng. Cho vào 100gr cà rốt, 100gr củ cải trắng cắt lát và 100gr nấm đông cô vào nấu khoảng 20 phút. Sau đó cho 100gr cải thảo cắt khúc vào và nêm gia vị gồm muối 10gr, hạt nêm chay 5gr và đường phèn 10gr. Dùng muỗng khuấy đều, đợi hỗn hợp sôi thêm lần nữa thì tắt bếp.', '4.44.jpg', 'Trụng sợi hủ tiếu cho vào tô, thêm các topping gồm đậu hũ chiên, hoành thánh, ngò rí, hành boa rô phi vàng, tiêu, rau củ và chan nước dùng. Hủ tiếu chay ăn kèm tàu hũ ki chiên giòn và rau giá rất ngon. Với cách nấu hủ tiếu chay ngon ngọt và thơm hấp dẫn của Cooky, các bạn hoàn toàn có thể biến tấu thành nhiều món khác như bánh canh, nui và thay đổi topping ăn kèm theo sở thích của gia đình nhé.', '4.45.jpg', NULL, NULL, NULL, NULL, 2, 1, 0, 320, NULL, NULL),
(126, 'Bánh chưng cho ngày Tết', 130, 2, 7, 'Gạo nếp 1/2 kg,\nĐậu xanh không vỏ 2 kg,\nThịt heo 2 kg(Thịt đùi và mỡ),\nMuối 7 muỗng canh,\nBột ngọt 3 muỗng canh,\nTiêu 1/2 muỗng canh,\nLá dong 40 lá', 10, 60, 'Cách xếp lá dong gói bánh chưng xanh: Gấp lá dong làm đôi, cắt bỏ 2 đầu lá sao cho phần lá gói dài 16.5cm. Chia lá thành 2 loại, phần lá to để gói bên ngoài, lá nhỏ hơn để lót bên trong.', '5.1.jpg', 'Gắp đôi lá lại, mặt có viền nhỏ sẽ nằm trên. Gấp miếng lá vào trong thành hình tam giác, dùng tay vuốt tạo viền. Sau đó, mở lá rộng ra, tay trái cố định đầu lá bên trái, bàn tay phải đặt lên miếng lá giữ cố định lên mặt phẳng. Dùng ngón tay cái của tay phải ấn ngược lại đường gấp tam giác vào trong, đồng thời di chuyển tay trái là cho lá đứng dậy thành 2 mặt phẳng vuông góc.', '5.2.jpg', 'Xếp lá đã gấp vào khuôn làm bánh chưng cho vuông vức. Đặt 2 lá ngoài đã gấp vào 2 góc đối diện của khuôn bánh. Hạ miếng lá đã gấp vào trong xuống để chúng có thể cố định vào nhau. Sau đó đặt tiếp 2 miếng lá trong vào 2 góc đối diện khác của khuôn. Ở phần tiếp giáp của 2 lá ngoài còn hở, bạn nên đặt vào 1 miếng lá theo hình chữ \"V\" để làm kín lại.', '5.3.jpg', 'Cách gói bánh chưng chi tiết, đẹp mắt: Trước khi gói bánh chưng xanh, đặt cọng dây lạt dưới khuôn sao cho vuông góc với người ngồi gói. Cho 200gr gạo nếp vào khuôn gói bánh chưng, dàn đều. Tiếp theo, cho 100gr đậu xanh. Xếp thịt heo lên trên (phần mỡ ở giữa, thịt đùi ở 2 bên). Làm lặp lại thêm 1 lần nữa, cho 100gr đậu xanh vào (không để đậu xanh dàn ra hai bên). Cuối cùng, cho 250 gạo nếp còn lại vào.', '5.4.jpg', 'Cách nấu bánh chưng xanh đúng cách: Xếp phần cuống, lá dong còn dư vào đáy nồi. Cho bánh vào, đổ ngập nước, đậy kín nắp, nấu bánh khoảng 10 giờ là bánh chín', '5.5.jpg', 'Có trông được những chiếc bánh chưng xanh đẹp mắt trên mâm cổ cúng tết, mới biết được bao khó nhọc làm bánh chưng đã qua đều rất đáng giá cả đấy. Bạn có thể ăn bánh chưng kèm dưa muối, kiệu để chống ngấy sẽ rất tuyệt vời.', '5.6.jpg', NULL, NULL, 2, 1, 0, 320, NULL, NULL),
(127, 'Thịt trâu xào lá lốt', 131, 2, 7, 'Thịt trâu 200 gr,\nHành tây 100 gr,\nLá lốt 20 lá,\nTỏi băm 1 muỗng cà phê,\nDầu ăn 2 muỗng canh,\nHạt nêm 1 muỗng cà phê,\nTiêu 1/2 muỗng cà phê', 2, 15, 'Cho 1/2 muỗng canh dầu ăn vào chảo, phi thơm tỏi băm còn lại.', '5.7.jpg', 'Sau đó, cho thịt trâu vào đảo nhanh tay. Thịt chín tái thì xúc ra để riêng. Vẫn trong chảo đã xào thịt trâu thêm 1/2 muỗng canh dầu ăn rồi tiếp tục cho hành tây vào xào. Hành tây chín tái thì cho thịt trâu và lá lốt vào đảo tiếp chừng 2 phút nữa là được.', '5.8.jpg', 'Múc thịt trâu xào lá lốt ra đĩa và thưởng thức thôi. Muốn muốn có thể cho thêm chút đậu phộng giã ăn cho giòn, chấm chao hay chấm muối tiêu chanh đều được. Cuối tuần các bạn phải thử cách làm thịt trâu xào lá lốt này để đãi cả nhà nhé. Nhất định cả nhà sẽ bất ngờ lắm đó.', '5.9.jpg', NULL, NULL, NULL, NULL, NULL, NULL, NULL, NULL, 1, 1, 0, 320, NULL, NULL),
(128, 'Ba ba nấu chuối', 132, 2, 12, 'Ba Ba 1 1/2 kg,\nĐậu hũ chiên 6 miếng,\nChuối chát 5 trái,\nMuối 1 1/2 muỗng cà phê,\nBột ngọt 1 muỗng cà phê,\nTiêu 1/2 muỗng cà phê,\nTía tô 6 cây,\nHành lá 2 cây,\nTỏi 1 muỗng canh,\nGừng 4 lát,\nRượu trắng 30 ml,\nGiấm 1/2 chén\n', 4, 40, 'Gọt vỏ chuối xanh, thái miếng mỏng, ngâm nước có pha chút giấm cho trắng. Ba ba nấu chuối sẽ có màu sắc bắt mắt hơn.', '5.11.jpg', 'Đậu phụ rán vàng, thịt ba ba chần qua nước sôi, vớt ra để ráo nước.', '5.12.jpg', 'Phi thơm hành, tỏi, đến khi hơi vàng có mùi thơm thì cho ba ba vào đảo đều, dùng đũa trộn thịt lên xuống đều với nhau, khi chín vừa tơi thì nhấc khỏi bếp, để qua một bên.', '5.13.jpg', 'Tiếp tục phi thơm hành, tỏi thêm lần nữa vào chảo khác cho chuối xanh vào xào. Khi chuối đã chín tới, cho ba ba vào xào cùng, nêm muối, bột ngọt, tiêu vừa ăn. Đổ nước dùng vào rồi nấu với lửa nhỏ. Khi thịt ba ba đã chín mềm, cho đậu phụ vào. Đun ba ba nấu chuối đậu tiếp khoảng 3 phút là được.', '5.14.jpg', 'Trước khi bắc ra cho thêm hành, tía tô, tiêu thái nhỏ vào tô ba ba nấu chuối đậu. Dọn ba ba nấu chuối nóng với bún hoặc cơm. Cách làm ba ba nấu chuối đậu này sẽ tạo ra món ăn thơm ngon, bổ dưỡng, giúp giải nhiệt cho cơ thể. Lưu ngay cách nấu ba ba om chuối đậu này ngay, cuối tuần đãi cả nhà nhé.', '5.15.jpg', NULL, NULL, NULL, NULL, 1, 1, 0, 320, NULL, NULL),
(129, 'Bánh rán mặn', 133, 2, 20, 'Phần vỏ bánh,\nBột nếp 320 gr,\nBột gạo 45 gr,\nĐường trắng 30 gr,\nMuối 5 gr,\nKhoai tây 55 gr(đã luộc chín),\nNước 220 ml(nước ấm),\nPhần nhân bánh,\nThịt heo bằm 205 gr,\nCà rốt 52 gr,\nMiến 20 gr,\nNấm mèo 12 gr,\nHành tây 20 gr,\nDầu ăn 6 ml,\nMuối 1/2 muỗng cà phê,\nHạt nêm 1/2 muỗng cà phê,\nNước chấm,\nCà rốt 150 gr,\nSu hào 150 gr,\nĐường trắng 45 gr,\nNước cốt chanh 25 ml,\nNước mắm 25 ml,\nNước 185 ml', 4, 90, 'Cách làm vỏ bánh rán mặn: Cho bột nếp, bột gạo, khoai đã nghiền mịn vào tô lớn. Cho thêm đường, muối. Trộn đều hỗn hợp lên, dùng tay nhồi nhẹ nhàng rồi cho từ từ nước vào tô và bắt đầu nhồi bột bánh rán mặn.\n', '5.17.jpg', 'Nhồi bột bánh rán mặn cho đều, dừng lại khi nào bột đã quyện đều vào nhau. Bọc kín tô bột bằng nilon bọc thực phẩm, để bột nghỉ khoảng 45 đến 60 phút, nếu được thì bạn nên chuẩn bị bột từ tối hôm trước và để tủ lạnh, bột để lâu thì sẽ ngon hơn. Giờ thì chuẩn bị phần nước chấm bánh rán mặn nhé.', '5.18.jpg', 'Cách làm nước chấm và đồ chua ăn kèm bánh rán mặn: Chuẩn bị nước chấm kèm rau, cắt cà rốt thành từng lát mỏng có hình giống bông hoa. Còn su hào thì cắt thành từng khối vuông mỏng. Sau đó cho lần lượt nước, nước cốt chanh, đường, nước mắm cùng tỏi ớt vào. Trộn đều cho cà rốt và su hào hòa quyện với nước mắm, bạn nhớ tùy chỉnh tùy khẩu vị mình nữa.', '5.19.jpg', 'Nặn bánh rán mặn: Lấy một phần bột, ấn cho hơi dẹp rồi cho nhân vào giữa. Cố gắng nặn bánh sao cho bột áp sát với nhân, không cho không khí lọt vào giữa nhân và bột. Gói lại và dính mép bột thật kỹ, làm tới khi hết bột và bánh luôn bạn nhé!', '5.21.jpg', 'Đun nóng dầu ở lửa vừa, khi dầu nóng thì kiểm tra bằng đũa, đầu đũa có bọt nhỏ, sủi tăm là dầu sôi đạt chuẩn. Cho bánh vào, khoảng 1-2 phút thì mặt bánh hơi se lại thì dùng đũa đảo nhẹ tay để bánh không bị dính vào nhau và dính vào đáy chảo.', '5.22.jpg', 'Bánh rán mặn chín vàng nâu, vỏ bánh giòn. Bánh rán mặn ăn vặt này nên được dùng nóng cùng với nước chấm rau trộn chua ngọt, cắn một miếng sẽ cảm nhận được lớp vỏ bên trong mỏng và dẻo nhờ bột nếp. Vỏ bánh rán mặn nở phồng to, tách khỏi phần nhân nằm bên trong, thơm lừng cả một góc bếp đấy nhé!', '5.23.jpg', NULL, NULL, 3, 1, 0, 320, NULL, NULL),
(130, 'Bánh chưng gạo nếp lứt', 134, 2, 15, 'Gạo nếp lứt 500 gr,\nGạo lứt 500 gr,\nĐậu xanh không vỏ 500 gr,\nNấm đông cô 100 gr,\nNấm tuyết 100 gr,\nHạt sen khô 100 gr,\nHạt dẻ 100 gr,\nGừng 15 gr,\nHành boa rô 15 gr,\nNước tương Maggi 2 muỗng canh,\nDầu hào Maggi 2 muỗng canh,\nĐường trắng 1/2 muỗng canh,\nBột ngũ vị hương 1/2 muỗng cà phê,\nMuối 1 muỗng cà phê,\nDầu ăn 1 muỗng canh', 5, 210, 'Cách làm bánh chưng gạo nếp lứt: Cân 500gr nếp lứt, 500gr gạo lứt đỏ, 500gr đậu xanh cà vỏ ra 3 tô lớn, vo sơ từng loại gạo nếp, đậu xanh với nước sạch. Sau đó đem ngâm từng loại gạo nếp, lứt, đậu xanh qua đêm. Sau khi ngâm gạo nếp và đậu xanh xong, đem đổ từng loại ra rổ cho ráo nước.', '5.24.jpg', 'Đun sôi một nồi nước (hoặc xửng hấp). Trộn đều đậu xanh với 1 muỗng cà phê muối, cho ra tô lớn. Khi nước sôi, đặt tô đậu xanh vào, hấp chín. Lấy tô đậu xanh hấp chín ra khỏi nồi, dùng muỗng nghiền nhuyễn đậu.', '5.25.jpg', 'Làm nhân bánh chưng gạo nếp lứt: Ngâm nở hạt sen, nấm tuyết, nấm đông cô khô, mỗi loại lấy 100gr. Cho hạt sen vào nồi, đổ nước ngập gấp đôi sau đó luộc chín. Thái sợi nấm đông cô. Cắt miếng nhỏ nấm tuyết. Bỏ vỏ hạt dẻ, cắt nhỏ khoảng 100gr. Làm nóng chảo với 1 muỗng canh dầu ăn, cho 15gr hành boa rô băm và 15gr gừng băm vào phi thơm, sau đó cho nấm đông cô vào xào sơ, tiếp theo thêm hạt dẻ, hạt sen, nấm tuyết vào. Nếm hỗn hợp nhân bánh chưng nếp lứt xào với 2 muỗng canh nước tương, 2 muỗng canh dầu hào, 1/2 muỗng canh đường trắng, 1/2 muỗng cà phê ngũ vị hương sau đó xào 2 phút cho thấm gia vị.', '5.26.jpg', 'Sau đó cho lần lượt nếp lứt, đậu xanh, nhân nấm hạt sen, đậu xanh và cuối cùng là nếp lứt vào khuôn. Gói bánh chưng gạo nếp lứt cho chặt tay, dùng dây lạc đã ngâm nở buộc bánh chưng nếp lứt lại.', '5.27.jpg', 'Cách nấu bánh chưng gạo nếp lứt: Chuẩn bị một chiếc nồi lớn, xếp lá dong và dây lạt vụng xuống đáy nồi (để làm bánh chưng luộc không cháy khi tiếp xúc với đáy nồi). Xếp bánh chưng nếp lứt vào nồi, đổ nước sôi vào ngập bánh chưng. Đậy kín nắp rồi luộc bánh chưng nếp lứt trong khoảng 2 tiếng. Bánh chưng gạo nếp lứt đã chín sẽ vớt ra khỏi nồi, đặt nơi khô thoáng cho bánh ráo nước.', '5.28.jpg', 'Những chiếc bánh chưng gạo nếp lứt thơm ngon, cực bổ dưỡng sẵn sàng phục vụ cho những bữa ăn ngày Tết của gia đình rồi ạ. Bánh chưng nếp lút có màu đỏ đẹp mắt, không chỉ ăn ngon mà còn dùng cho các mâm cổ cúng gia tiên ngày Tết, sẽ đem đến may mắn và tài lộc cho cả năm nhé.', '5.29.jpg', NULL, NULL, 5, 1, 0, 320, NULL, NULL),
(131, 'Ruốc cá trắm thơm ngon', 135, 2, 4, 'Cá trắm 2 kg,\nNước mắm 7 muỗng canh,\nTiêu 1 muỗng cà phê,\nGừng 20 gr', 4, 50, 'Cá trắm làm sạch, rửa sạch, cắt thành những khúc ngắn. Gừng đạp nát lót dưới đáy nồi rồi xếp cá đã cắt lên trên. Thêm vào 7 muỗng canh nước mắm và 1 muỗng cà phê tiêu. Ướp 2-3 tiếng cho cá ngấm. Để vào trong tủ lạnh, ngăn mát để cá tươi hơn. Sau đó, rắc thêm chút gừng băm, kho lửa nhỏ cho cá ngấm gia vị và chín thịt cá, khoảng 10 phút thì bật to bếp lên cho cạn bớt nước. Đun cá thêm 10 phút nữa. Chắt nước cá ra 1 chén nhỏ, đặt lại nồi lên bếp, hạ bếp nhỏ lại để cạn sạch nước trong nồi cá kho thì tắt bếp.', '5.31.jpg', 'Gắp cá kho ra 1 chiếc đĩa cho cá nhanh nguội. Tiến hành gỡ bỏ da và xương cá. Sau đó, cho phần thịt cá lên chảo chống dính to rộng để đảo cho khô thịt cá. Mở lửa trung bình, dùng đũa đảo đều, thỉnh thoảng dùng muỗng nén nhẹ phần thịt cá to xuống dưới chảo để miếng thịt cá được tơi và bông hơn. Có thể cho ruốc cá vào rổ thưa, nén và cà cho ruốc cá tơi ra và rớt trở lại chảo. Tiếp tục rang cho ruốc cá khô ráo như ý.', '5.32.jpg', 'Khi ruốc cá nguội cho vào hũ kín và sạch bảo quản dùng dần trong thời gian dài. Ruốc cá có thể dùng ăn cùng với cháo trắng rất ngon.', '5.33.jpg', NULL, NULL, NULL, NULL, NULL, NULL, NULL, NULL, 4, 1, 0, 320, NULL, NULL),
(132, 'Canh bí đỏ xương heo', 136, 2, 9, 'Sườn heo 350 gr,\nBí đỏ 1 trái,\nGiấm táo 1 muỗng cà phê,\nNước 4 chén,\nDầu ăn 2 muỗng canh,\nMuối 2 muỗng cà phê,\nTiêu 1/2 muỗng cà phê,\nHành boa rô 1 nhánh,\nTỏi 5 tép', 4, 20, 'Bí đỏ gọt vỏ, bỏ ruột, rửa sạch và thái miếng vuông vừa ăn. Hành boa rô rửa sạch thái nhỏ, tỏi bóc vỏ, băm nhỏ. Xương sườn heo rửa sạch, chặt khúc. Ướp sườn với hạt tiêu đen, tỏi băm nhỏ và muối trong 30 phút. Bắc nồi lên bếp, đun nóng dầu ăn. Xào sườn với 1 muỗng cà phê giấm táo cho đến khi chuyển sang màu nâu, cách này giúp cho sườn heo được mềm.', '5.34.jpg', 'Đổ nước vào và đun sôi. Nấu nước dùng xương heo trong khoảng 20 phút trên lửa vừa, đun sôi liên tục. Thêm bí đỏ vào và nấu cho đến khi bí đỏ chín mềm trong khoảng 20 phút.', '5.35.jpg', 'Thêm hành boa rô thái nhỏ và tắt bếp. Vậy là món canh của chúng ta đã sẵn sàng rồi.', '5.36.jpg', NULL, NULL, NULL, NULL, NULL, NULL, NULL, NULL, 1, 1, 0, 320, NULL, NULL),
(133, 'Lẩu gà tiềm ớt hiểm', 137, 2, 12, 'Gà 1 con(Thả vườn),\nGừng 2 nhánh,\nHành tím 10 củ\nỚt 30 trái(Ớt hiểm),\nCâu kỷ tử 10 gr,\nHạt sen tươi 100 gr,\nTáo khô 100 gr,\nMuối 3 muỗng cà phê,\nHạt nêm 1 muỗng cà phê,\nĐường trắng 1 muỗng cà phê,\nTiêu 1/2 muỗng cà phê,\nNước tương 4 muỗng cà phê', 4, 90, 'Bóc vỏ hành tím và gừng, chia làm hai phần. Một phần giã nhuyễn để ướp gà, 1 phần để nấu nước dùng. Phần gừng cắt lát, gừng sẽ giúp nước dùng gà tiềm ớt hiểm thanh hơn, bớt mùi tanh của gà. Rau mồng tơi và tần ô rửa sạch, ngâm trong muối loãng và vớt ra rổ để ráo. Táo khô và hạt sen rửa sạch, ngâm trong nước ấm 20 phút.', '5.37.jpg', 'Cách làm nước sốt ướp gà tiềm ớt hiểm: Giã nhuyễn hành tím, gừng, 10 trái ớt. Cho hỗn hợp đã giã nhuyễn vào chén gia vị gồm: 1/2 muỗng cà phê tiêu, 1 muỗng cà phê hạt nêm, đường, muối và 4 muỗng cà phê nước tương. Có thể cho thêm ít nước lọc để các gia vị dễ tan. Trộn đều cho tất cả các thành phần hòa quyện vào nhau.', '5.38.jpg', 'Cho phần sốt lên gà, thoa đều từ ngoài vào trong. Độn hạt sen và 50gr táo khô vào trong bụng gà. Ướp gà trong 20 phút.', '5.39.jpg', 'Nấu nước sôi, cho vào gừng đã cắt lát và 4 - 5 củ hành tím, táo khô, kỷ tử và 20 trái ớt hiểm. Nấu đến khi nước sôi lại thì cho gà vào. Ninh gà trong 60 phút (30 phút đảo gà 1 lần).', '5.41.jpg', 'Luộc mì vớt ráo và cho ra tô cùng rau mồng tơi, tần ô. Vậy là món gà tiềm ớt hiểm của tụi mình đã hoàn thành rồi đó. Vớt nước lẩu rồi chang lên cùng táo khô, kỷ tử, gà thơm lừng, nóng hổi thật là hấp dẫn phải không nào. Những ngày se se lạnh thì món này thì còn gì bằng nữa đúng không nào, lưu lại cách làm gà tiềm ớt hiểm này ngay nhé!!', '8.42.jpg', NULL, NULL, NULL, NULL, 1, 1, 0, 320, NULL, NULL),
(134, 'Cá hồi sốt cà chua', 138, 2, 11, 'Cá hồi 2 lát,\nCà chua 1 trái,\nTỏi 2 tép,\nHành tây 1/4 củ,\nMuối 1/2 muỗng cà phê,\nBột ngọt 2/3 muỗng cà phê,\nTiêu 1/4 muỗng cà phê,\nNước mắm 1/2 muỗng canh,\nĐường trắng 1/2 muỗng canh,\nHành lá 1 nhánh,\nỚt 1 trái', 2, 18, 'Đun thật nóng 50 ml dầu ăn, cho cá vào chiên vàng sơ 2 mặt rồi cho ra đĩa. Vì da cá khá dày các bạn nên cắt đôi khứa cá để chiên phần da trước nhé, cá hồi sốt cà chua sẽ ngon hơn rất nhiều đó.', '5.43.jpg', 'Đổ bớt dầu trong chảo ra chén, cho tỏi băm và hành tây vào phi thơm. Sau đó, cho cà chua, 1/2 muỗng cà phê muối, 1 muỗng cà phê nước mắm, 1/2 muỗng canh đường trắng, 2 muỗng canh nước lọc vào, đảo đều tay là gần hoàn thành món cá hồi sốt cà chua này rồi đó.', '5.44.jpg', 'Khi cà chua chín mềm thì cho cá vào, đun lửa nhỏ cho đến khi cá chín thì nêm 2/3 muỗng cà phê bột ngọt, trở đều cá cho thấm gia vị rồi tắt bếp.', '5.45.jpg', 'Cho cá và cà ra đĩa, thêm hành lá và trang trí ớt trái là món cá hồi sốt cà chua hoàn thành rồi đó. Cá mềm ngon, sốt chua chua ngọt ngọt ngon nhất là phải được ăn cùng chén cơm trắng bùi bùi, tí ớt cay cay. Cách làm cá hồi sốt cà chua không hề khó đúng không, các bạn nhớ lưu lại để làm cho gia đình nhé.', '5.46.jpg', NULL, NULL, NULL, NULL, NULL, NULL, 1, 1, 0, 320, NULL, NULL),
(135, 'Bò sốt tiêu đen', 139, 2, 14, 'Thịt bò 300 gr,\nỚt chuông 2 trái,\nHành tây 1 củ,\nHạt tiêu 10 gr,\nTỏi 2 tép,\nGừng 1 củ,\nBột mì 1 muỗng canh,\nBột năng 1 muỗng canh,\nNước tương 2 muỗng canh,\nDầu hào 1 muỗng canh,\nĐường trắng 1 muỗng canh,\nMuối 1/2 muỗng cà phê,\nHạt nêm 1 muỗng cà phê,\nDầu ăn 4 muỗng canh', 2, 30, 'Cách làm bò sốt tiêu đen: Làm nóng 2 muỗng canh dầu ăn trong chảo, cho thịt bò vào, chiên sơ qua 2 mặt khoảng 5 phút. Vớt thịt bò ra, để riêng.', '5.47.jpg', 'Cách làm bò sốt tiêu đen: Dùng chảo dầu ăn đó, phi thơm 1/2 gừng, 1/2 tỏi. Cho ớt chuông, hành tây cùng gia vị 1 muỗng cà phê hạt nêm, 1/2 muỗng cà phê muối vào, xào khoảng 5 phút. Vớt ra tô để riêng.', '5.48.jpg', 'Cách làm bò sốt tiêu đen: Lấy 1 chảo khác, phi thơm gừng, tỏi với 2 muỗng canh dầu ăn còn lại. Cho thịt bò, hạt tiêu, 2 muỗng canh nước tương, 1 muỗng canh dầu hào, 1 muỗng canh đường trắng vào, nấu nhỏ lửa khoảng 3 phút.', '5.49.jpg', 'Như vậy, món bò sốt tiêu đen đã hoàn tất. Cho ớt chuông, hành tây xào ra đĩa, thêm thịt bò và sốt lên trên cùng rồi tha hồ thưởng thức. Mềm ngọt, cay cay, thơm tiêu ăn kèm với bánh mì thì ngon \"bá cháy\" phải không nào. Những ngày mưa se lạnh các bạn hãy thử cách làm món bò sốt tiêu đen này nhé, ấm bụng, khó cưỡng lắm đó!', '5.51.jpg', NULL, NULL, NULL, NULL, NULL, NULL, 2, 1, 0, 320, NULL, NULL),
(136, 'Canh bí đỏ thịt bằm', 140, 2, 9, 'Bí đỏ 500 gr,\nThịt băm 200 gr,\nHành lá 30 gr,\nCần tàu 10 gr,\nĐường trắng 1 muỗng canh,\nHạt nêm 2 muỗng canh,\nNước mắm 1 muỗng canh,\nTiêu 1 muỗng cà phê,\nDầu ăn 1 muỗng canh', 4, 20, 'Phi thơm 20gr đầu hành băm nhuyễn cùng với 1 muỗng canh dầu ăn, cho 200gr thịt băm vào, nêm 1 muỗng canh đường, 1 muỗng canh hạt nêm, 1 muỗng canh nước mắm và 1 muỗng cà phê tiêu.', '5.52.jpg', 'Xào cho thịt băm vừa chín thì thêm vào 1 lít nước, khuấy đều. Tiếp theo cho thêm bí đỏ cắt lát, đậy nắp, mở lửa to. Nấu canh bí đỏ thịt bằm trong khoảng 15 phút cho bí chín mềm.', '5.53.jpg', 'Sau khi canh bí đỏ thịt bằm được hầm mềm, mở nắp nêm 1 muỗng canh hạt nêm, thêm hành cần cắt nhỏ vào khuấy đều, tắt bếp.', '5.54.jpg', 'Múc canh bí đỏ thịt băm ra tô và thưởng thức. Canh bí đỏ thịt bằm với hương vị đậm đà, đơn giản, dễ nấu và chứa rất nhiều chất dinh dưỡng tốt cho cơ thể. Đồng thời bí đỏ còn tốt cho trí não nữa đấy, những ngày nào quá bận rộn thì hãy chuẩn bị cho mình một chén canh bí đỏ để tẩm bổ nhé. Cách nấu canh bí đỏ thịt bằm quá đơn giản và nhanh gọn đúng không, cùng mình làm cho gia đình thưởng thức nhé!!', '5.55.jpg', NULL, NULL, NULL, NULL, NULL, NULL, 1, 1, 0, 320, NULL, NULL),
(137, 'Nghêu hấp Thái', 141, 2, 11, 'Nghêu 1 kg,\nSả 30 gr,\nCủ riềng 15 gr,\nỚt 10 gr,\nLá chanh 5 gr,\nTương ớt 100 gr,\nỚt sa tế 50 gr,\nĐường trắng 70 gr,\nNước mắm 30 ml,\nNước cốt me 100 ml,\nNước cốt chanh 30 ml', 4, 20, 'Để làm nghêu hấp thái trước hết đem ngâm nghêu tươi sống với nước lạnh, thêm vài lát ớt, ngâm nghêu khoảng 30 phút để nghêu nhả bớt cát rồi rửa sạch. Cho nghêu vào nồi cùng với 50ml nước rồi đậy nắp, đun to lửa. Nghêu hấp 5 phút, khi thấy nghêu tách vỏ thì tắt bếp, gắp nghêu ra để riêng.', '5.56.jpg', 'Cách làm nghêu hấp Thái: Đem lọc sạch cặn và cát của nước hấp nghêu nếu có, sau đó cho thêm 600ml nước, 15gr riềng cắt lát đập dập, 30gr sả cắt khúc đập dập, 10gr ớt và 5gr lá chanh. Bật bếp đun sôi. Tiếp theo cho các loại gia vị: 70gr đường, 30gr nước mắm, 100gr nước cốt me, 100gr tương ớt và 50gr ớt sa tế. Khuấy đều rồi nấu thêm 5 phút thì tắt bếp. Ngoài ra, vị cay và độ chua của món ăn sẽ tùy thuộc vào sở thích của bạn, bạn có thể tự điều chỉnh cho phù hợp với bản thân mình.', '5.57.jpg', 'Vắt thêm 30ml nước cốt chanh vào nồi nghêu hấp Thái rồi khuấy đều là hoàn tất. Khi dùng nghêu hấp Thái: Gắp một con nghêu, dùng vỏ nghêu + thịt nghêu múc lấy nước súp chua ngọt cay nồng và dùng nóng.', '5.58.jpg', 'Cách làm nghêu hấp Thái với hương vị chua chua, cay thơm của sả, của lá chanh ngon khó cưỡng, mang hương vị đặc trưng của ẩm thực xứ sở Chùa Vàng. Nồi nghêu hấp Thái nóng hổi, tỏa hương thơm phức, rất thích hợp dùng cùng cơm hoặc bún trong những ngày trời mưa hoặc thời tiết trở lạnh. Ngoài ra, nghêu hấp Thái còn có thể là mồi nhậu ngon cho các đấng mày râu nữa nhé.', '5.59.jpg', NULL, NULL, NULL, NULL, NULL, NULL, 1, 1, 0, 320, NULL, NULL),
(138, 'Cá lóc kho nghệ béo cay', 142, 2, 11, 'Cá lóc 400 gr,\nCủ nghệ 1 củ,\nCủ nén 20 gr,\nMuối 1 muỗng cà phê,\nTiêu 1/2 muỗng cà phê,\nNước mắm 4 muỗng cà phê,\nĐường trắng 2 muỗng cà phê,\nỚt bột 1 muỗng cà phê,\nỚt 3 trái,\nGừng 2 lát,\nDầu ăn 50 ml', 3, 40, 'Cá lóc cắt thành những khúc ngắn, ướp cá với 1 muỗng cà phê muối và 1/2 muỗng cà phê tiêu trong khoảng 15 phút cho cá ngấm gia vị.', '5.61.jpg', 'Đun nóng 50ml dầu ăn, cho cá vào chiên sơ các mặt cho săn lại thì vớt ra để ráo dầu.', '5.62.jpg', 'Củ nén bóc vỏ giã nát. Củ nghệ cạo vỏ, cắt nhỏ rồi cũng đem giã nát. Trong nồi đất, xào thơm củ nén với 1 muỗng canh dầu ăn rồi cho nghệ vào đảo đều tay. Thêm vào 4 muỗng cà phê nước mắm, 2 muỗng cà phê đường, 1 muỗng cà phê ớt bột. Sau đó cho cá vào, đảo sơ cho ngấm. Tiếp tục cho ớt cát lát, gừng thái sợi và 3 chén nhỏ nước vào, đậy nắp đun to lửa cho đến khi nước trong nồi gần cạn là được.', '5.63.jpg', 'Cá lóc kho nghệ béo thơm với thịt cá bùi béo, thơm hương nghệ tươi và màu sắc vàng óng đẹp mắt. Đây là món ăn tuyệt chiêu giúp đưa cơm của các chị em.', '5.64.jpg', NULL, NULL, NULL, NULL, NULL, NULL, 2, 1, 0, 320, NULL, NULL),
(140, 'Gỏi xoài hàu', 150, 2, 11, 'Hàu sữa 15 con,\nXoài xanh 3 trái,\nRau cần nước 100 gr,\nHành tím 20 gr,\nTỏi 20 gr,\nỚt 10 trái,\nNước mắm 2 muỗng canh,\nĐường nâu 2 muỗng canh,\nNước cốt chanh 1 muỗng canh,\nSa tế tôm 1 muỗng canh,\nMuối 1/2 muỗng cà phê', 4, 30, 'Xoài xanh lấy 3 trái rửa sạch và gọt vỏ, rồi bào thành các sợi dài. Khi bào xoài bạn cầm chắc tay để sợi xoài không bị đứt vụn. Tiếp đó, để làm sốt mắm ớt ngon bạn cho 10 trái ớt bỏ cuống, 20gr tỏi, 1/2 muỗng cà phê muối vào cối giã nhuyễn rồi cho thêm 1 muỗng cà phê nước cốt chanh, 2 muỗng cà phê đường nâu, 1 muỗng cà phê nước mắm dùng muỗng hòa tan. 100gr rau cần tàu nhặt rửa sạch để ráo, rồi thái nhỏ.', '6.1.jpg', 'Cho xoài đã thái sợi cùng 15 con hàu sống, thêm 20gr hành tím đã bóc vỏ, rau cần tàu, 1 muỗng cà phê ớt sa tế tôm và sốt mắm ớt vào chung một tô lớn nhẹ nhàng trộn đều tay. Chỉ nên trộn gỏi trước khi ăn khoảng 10-15 phút để gỏi không bị ra nước và xoài không bị nát.', '6.2.jpg', 'Món gỏi xoài hàu chua cay đã hoàn tất rồi, rất nhanh gọn phải không ạ? Đối với những bạn hảo hay không hảo vị chua cay có khi sẽ mê cách kết hợp hài hòa ở món gỏi xoài hàu này. Món gỏi xoài hàu rất thích hợp để dùng làm món khai vị trong các bữa tiệc, hoặc muốn thay đổi khẩu vị trong bữa ăn gia đình hằng ngày.', '6.3.jpg', NULL, NULL, NULL, NULL, NULL, NULL, NULL, NULL, 1, 1, 0, 320, NULL, NULL),
(141, 'Tôm chiên double trứng muối', 151, 2, 8, 'Tôm tươi 500 gr,\nTrứng vịt muối 9 quả(Lòng đỏ trứng muối),\nHành lá 10 gr,\nỚt sừng 10 gr,\nBột bắp 2 muỗng cà phê,\nTrứng gà 1 quả(Lòng trắng trứng),\nMuối 1/4 muỗng cà phê,\nTiêu xay 1/2 muỗng cà phê', 4, 30, 'Tôm tươi 500gr các bạn rửa sạch, bỏ vỏ và giữ lại đuôi tôm, để ráo rồi cho vào một cái bát. Ướp tôm với 2 muỗng cà phê bột bắp, 1 cái lòng trắng trứng, 1/4 muỗng cà phê muối và 1/2 muỗng cà phê tiêu xay. Trộn đều tôm rồi ướp trong 20 phút.', '6.4.jpg', 'Trong khi ướp, bạn lấy 6 quả trứng muối chỉ dùng lòng đỏ (đã sơ chế). Cho lòng đỏ trứng muối vào tô dùng nĩa để nghiền trứng cho nhuyễn, thêm 50ml nước lọc vào. Nếu nghiền trứng kĩ thì sốt trứng muối khi nấu sẽ nhuyễn và thấm đều hơn.', '6.5.jpg', 'Tôm sau khi ướp 20 phút bạn cho vào chiên ngập dầu, rồi vớt ra thấm dầu. Bắc một cái chảo khác lên bếp, cho 1 muỗng canh dầu ăn xào cùng sốt trứng muối đã nghiền nhuyễn, xào sệt lại rồi cho tiếp tôm chiên vào xào đều tay ở lửa nhỏ để cho sốt thấm đều tôm.\n', '6.6.jpg', 'Cuối cùng bạn cho thêm 3 lòng đỏ trứng muối cắt đôi (đã sơ chế) vào xào đều cùng tôm, tắt bếp cho 10gr ớt sừng và 10gr hành lá cắt nhỏ vào trộn đều.', '6.7.jpg', 'Món tôm chiên gấp đôi trứng muối đã hoàn thành, từng con tôm giòn rụm với lớp bột mỏng vừa phải nhưng bên trong vẫn mềm tươi, hòa quyện cùng vị béo mằn mặn của trứng muối và kèm thêm ngập tràn những viên trứng muối. Đây sẽ là món phù hợp để dùng trong bữa cơm gia đình, ăn vặt hay để chiêu đãi tiệc. Vì vậy bạn nhớ lưu công thức này của Cooky để cùng thực hiện nhé.', '6.8.jpg', NULL, NULL, NULL, NULL, 1, 1, 0, 320, NULL, NULL),
(142, 'Salad xúc xích nhồi bơ', 152, 2, 10, 'Trái bơ 2 trái,\nXúc xích Le Gourmet 100 gr,\nDưa leo 25 gr,\nỚt chuông vàng 25 gr,\nCà chua 25 gr,\nMuối 1/2 muỗng cà phê,\nTiêu 1/2 muỗng cà phê,\nSốt Mayonnaise 2 muỗng canh,\nNước cốt chanh 2 muỗng canh(Chanh vàng),\nBơ lạt 5 gr', 3, 15, 'Để làm món salad xúc xích nhồi bơ này thì nguyên liệu chính bạn không thể thiếu đó là xúc xích. Sử dụng 100gr xúc xích cocktail Le Gourmet, đem xúc xích cắt thành những hạt lựu đều nhau. 2 trái bơ cắt làm đôi, bỏ hạt. 25gr cà chua, 25gr ớt chuông vàng, 25gr dưa leo, tất cả đem bỏ lạt rồi cắt thành hạt lựu cùng kích thước với xúc xích.', '6.9.jpg', 'Bắc chảo nóng, đun chảy 5gr bơ lạt rồi cho xúc xích Le Gourmet vào chiên, đảo đều tay trên lửa vừa đến khi vàng đều các mặt.', '6.11.jpg', 'Cho phần salad đã trộn vào từng quả bơ nữa là đã hoàn thành rồi. Thật đơn giản đúng không nào? Món ăn này phù hợp với những bạn đang giảm cân hay chỉ đơn giản là bạn muốn bữa ăn của mình thêm màu sắc, phong phú hơn. Bạn nhớ lưu lại công thức và khoe với chúng mình thành phẩm nhé!', '6.12.jpg', NULL, NULL, NULL, NULL, NULL, NULL, NULL, NULL, 1, 1, 0, 320, NULL, NULL),
(143, 'Salad ức gà sốt Caesar - Caesar Salad', 153, 2, 17, 'Sốt Mayonnaise 100 gr,\nMù tạt 5 gr(Dijon),\nBột phô mai 20 gr(Parmesan),\nTỏi 10 gr,\nNước cốt chanh 15 ml(Chanh vàng),\nVỏ chanh 5 gr(Chanh vàng),\nCá hộp 10 gr(Anchovies),\nBánh mì nướng (The croutons),\nBánh mì sandwich 4 lát,\nMuối 1/4 muỗng cà phê,\nTiêu 1/4 muỗng cà phê,\nDầu olive 15 ml,\nPhần rau (The lettuce),\nXà lách 200 gr(Romaine),\nThịt gà (Chicken breast),\nỨc gà 400 gr,\nMuối 1/2 muỗng cà phê,\nTiêu 1/2 muỗng cà phê,\nDầu olive 20 ml,\nVỏ chanh 2 gr\n', 4, 30, 'Bánh mì sandwich mua về bạn cho vào ngăn mát tủ lạnh khoảng 30 phút cho cứng lại. Sau đó lấy ra, cắt bỏ viền vàng rồi cắt hạt lựu. Trộn đều bánh mì với 1/4 muỗng cà phê muối, 1/4 muỗng cà phê tiêu và 15ml dầu olive. Lót giấy nến vào khay nướng, cho bánh mì lên, dàn đều rồi đút lò ở 150 độ C trong khoảng từ 20 đến 25 phút. Khi kiểm tra thấy bánh mì vàng giòn thì lấy ra, để nguội rồi cho vào hũ thủy tinh sach để bảo quản đến khi dùng.', '6.13.jpg', 'Trộn đều 20ml dầu olive cùng với 5gr hỗn hợp lá gia vị Âu dạng khô, 1/2 muỗng cà phê muối, 1/2 muỗng cà phê tiêu, 2gr vỏ chanh. Cho ức gà vào ướp chung với hỗn hợp này 15-20 phút.', '6.14.jpg', 'Bắc chảo nóng, cho ức gà lên áp chảo mỗi mặt 10 phút sao cho mỗi mặt vàng nhưng vẫn đủ chín bên trong. Gắp gà ra dĩa để hơi nguội rồi cắt thành những lát nhỏ vừa ăn.', '6.15.jpg', 'Băm nhuyễn 10gr tỏi cùng với 10gr cá hộp Anchovy rồi đem trộn chung với 100gr mayonnaise, 20gr bột phô mai parmesan, 5gr mù tạt Dijon, 5gr vỏ chanh vàng, 15ml nước cốt chanh vàng. Trộn lên tạo thành hỗn hợp có màu trắng ngà như hình.', '6.16.jpg', 'Xà lách romaine rửa sạch, cắt thành khúc nhỏ vừa ăn rồi cho vào tô lớn, cho sốt vào trộn đều. Với 100gr xà lách bạn sẽ trộn chung với 2 muỗng canh sốt Caesar. Gắp xà lách ra dĩa, xếp ức gà lên trên, rắc thêm bánh mì nướng là có thể thưởng thức được rồi.', '6.17.jpg', 'Với mong muốn có một vóc dáng cực kỳ hoàn hảo, món salad ức gà sốt caesar là một trong những lựa chọn thực sự phù hợp dành cho các quý cô mong muốn giảm cân. Đây cũng là một trong những món giảm cân tuyệt đối an toàn. Với công thức bổ sung đầy đủ các chất dinh dưỡng cho bữa ăn, món salad này chính là một lựa chọn hoàn hảo cho cánh “má hồng” đấy.', '6.18.jpg', NULL, NULL, 1, 1, 0, 320, NULL, NULL),
(144, 'Miến hoa đậu biếc trộn kiểu Thái', 154, 2, 27, 'Miến 100 gr(Miến khô),\nHoa đậu biếc 2 gr(Khoảng 30 hoa khô),\nDầu ăn 50 ml,\nTỏi băm 50 gr,\nNước sốt trộn miến,\nNước mắm 50 ml,\nĐường thốt nốt 50 gr,\nỚt 15 gr,\nTỏi 10 gr,\nChanh 1 trái,\nCà chua bi 30 gr,\nCác nguyên liệu khác,\nHúng lũi 15 gr,\nTôm tươi 200 gr,\nMực ống 200 gr,\nChem chép 300 gr,\nThịt băm 100 gr,\nĐậu hũ trắng 100 gr,\nXà lách 100 gr,\nCà rốt 1 củ,\nDưa leo 1 trái,\nGiá đỗ 100 gr,\nHành phi 30 gr,\nĐậu phộng 30 gr,\nHành tím băm 15 gr,\nNước mắm 1 muỗng canh,\nĐường trắng 1/2 muỗng canh,\nHạt nêm 1 muỗng cà phê,\nDầu ăn 100 ml', 4, 30, 'Đầu tiên bạn chuẩn bị một nồi có 1 lít nước lọc, bắc nồi lên bếp đun đến khi nước hơi nóng thì thả 30 hoa đậu biếc khô (khoảng 2gr) vào nồi rồi đun sôi. Chờ màu hoa đậu biếc hòa tan vào nước thành màu xanh đậm thì vớt xác hoa ra ngoài. Cho 100gr miến khô vào nồi nước, luộc miến 3 phút rồi tắt bếp, ngâm thêm 2 phút nữa đến khi sợi miến ngấm màu xanh đẹp của hoa đậu biếc.', '6.19.jpg', 'Chuẩn bị một tô nước đá lạnh, sau khi ngâm miến đủ 3 phút thì bạn vớt ra tô, ngâm trong nước lạnh đến khi miến nguội hẳn thì vớt ra để ráo. Trên một chiếc chảo sạch khác, đun nóng 50ml dầu ăn rồi thả 50gr tỏi băm vào phi vàng thơm thì tắt bếp. Đổ dầu tỏi vào tô miến rồi trộn đều.', '6.21.jpg', 'Chuẩn bị nước sốt trộn miến gồm: 50ml nước mắm, 50gr đường thốt nốt, 15gr ớt đỏ, 10gr tép tỏi, 1 trái chanh, 30gr cà chua bi cắt đôi và 15gr lá húng lũi. Đầu tiên bạn cho đường thốt nốt, tỏi và ớt vào cối rồi giã nhuyễn. Tiếp theo thêm nước mắm vào rồi khuấy đều cho hòa quyện. Sau đó vắt nước cốt chanh vào cối, rồi cho vỏ chanh vào luôn. Cuối cùng cho cà chua bi, và húng lủi vào rồi giã nhẹ là hoàn tất.', '6.22.jpg', 'Chuẩn bị các phần chất đạm ăn kèm tùy theo sở thích và khẩu vị của gia đình. Ở đây mình có 100gr đậu hũ trắng cắt miếng vuông nhỏ chiên vàng giòn, các loại hải sản như 200gr tôm tươi đã bóc vỏ, 200gr mực tươi cắt khoanh và 300gr chem chép, tất cả đem luộc chín.', '6.23.jpg', 'Chuẩn bị thêm một ít thịt băm cho món miến hấp dẫn và dễ ăn hơn. Cho vào chảo 2 muỗng canh dầu ăn, thả 15gr hành tím băm vào phi thơm. Sau đó cho 100gr thịt băm vào xào sơ, nêm nếm vào đây 1 muỗng canh nước mắm, 1/2 muỗng canh đường, 1 muỗng cà phê hạt nêm và 1 ít tiêu xay rồi xào lên cho thịt băm thấm gia vị rồi tắt bếp.', '6.24.jpg', 'Khi ăn rưới sốt lên miến và trộn đều rồi thưởng thức. Nhưng khoan đã, còn một điều kì diệu nữa, vắt vào miến một ít chanh bạn sẽ thấy những sợi miến đổi màu từ từ, đang là màu xanh sẽ chuyển dần sang màu tím rất đẹp mắt. Bạn đã bị mê hoặc chưa nào, cũng thử nghiệm sự kì diệu này tại nhà với công thức Miến trộn hoa đậu biếc kiểu Thái mà Cooky giới thiệu nhé!', '6.25.jpg', NULL, NULL, 1, 1, 0, 320, NULL, NULL),
(145, 'Salad bơ giảm cân', 155, 2, 9, 'Trái bơ 2 trái,\nCà chua 500 gr,\nHành tây 1/2 củ,\nDưa leo 1 trái,\nDầu olive 2 muỗng canh,\nNước cốt chanh 2 muỗng canh,\nNgo rí 50 gr,\nMuối 1/2 muỗng cà phê,\nTiêu 1/2 muỗng cà phê', 2, 15, 'Dưa leo, cà chua cắt hạt lựu nhỏ. Hành tây cắt mỏng. Trái bơ bóc vỏ, bỏ hạt, cắt miếng hình vuông nhỏ vừa ăn.', '6.26.jpg', 'Cho dưa leo, trái bơ, cà chua, hành tây, ngò rí cắt nhỏ vào tô.\n', '6.27.jpg', 'Pha nước trộn: Hòa tan 2 muỗng canh dầu ôliu, 2 muỗng canh nước cốt chanh, 1/2 muỗng cà phê muối, 1/2 muỗng cà phê tiêu, khuấy đều.', '6.28.jpg', 'Chan đều nước trộn vào tô salad, dùng đũa trộn đều là xong. Mời cả nhà thưởng thức nhé!', '6.29.jpg', NULL, NULL, NULL, NULL, NULL, NULL, 1, 1, 0, 320, NULL, NULL),
(146, 'Gỏi rau càng cua bò tái lăn', 156, 2, 12, 'Thịt bò 300 gr,\nRau càng cua 500 gr,\nHành tây 50 gr,\nTỏi 20 gr,\nỚt băm 10 gr,\nNước cốt chanh 5 muỗng canh,\nNước mắm 3 muỗng canh,\nĐường 4 muỗng canh,\nHạt nêm 1 muỗng cà phê,\nTiêu 1/2 muỗng cà phê,\nDầu ăn 3 muỗng canh,\nNước lọc 5 muỗng canh', 2, 60, 'Thái thịt bò thành lát vừa ăn, ướp với 5gr hành băm, 5gr tỏi băm, 1 muỗng cà phê hạt nêm, 1/2 muỗng cà phê tiêu và 1 muỗng canh dầu ăn trong 15 phút.', '6.31.jpg', 'Pha nước mắm: Pha nước mắm với 5 muỗng canh đường, 5 muỗng canh nước lọc, 3 muỗng canh nước mắm và 5 muỗng canh nước cốt chanh, khuấy đều đến khi đường tan hết thì cho thêm 5gr tỏi băm và 5gr ớt băm vào.', '6.32.jpg', 'Làm nóng 2 muỗng canh dầu ăn, cho 10gr tỏi thái lát vào đảo đều, chiên vàng nhạt 2 mặt. Vớt tỏi ra đĩa lót giấy thấm dầu.', '6.34.jpg', 'Tiếp theo, cho 50gr hành tây bổ múi cau vào đảo cho hành hơi tái rồi cho thịt bò vào đảo thật nhanh tay.', '6.35.jpg', 'Trút nhanh cả chảo thịt bò vào đĩa rau càng cua đã chuẩn bị sẵn. Đổ nước trộn gỏi vào trộn nhanh tay. Hơi nóng từ thịt và dầu xào từ thịt sẽ làm rau dậy mùi thơm, và tái vừa đủ.', '6.36.jpg', NULL, NULL, NULL, NULL, 1, 1, 0, 320, NULL, NULL),
(147, 'Khoai tây kẹp xúc xích nướng sốt phô mai', 157, 2, 8, 'Xúc xích Le Gourmet 200 gr,\nKhoai tây 4 củ,\nPhô mai 100 gr,\nSữa tươi 100 ml,\nBột mì 10 gr,\nĐường trắng 1 muỗng canh,\nMuối 1/2 muỗng cà phê,\nTiêu xay 1 muỗng cà phê', 1, 60, 'Khoai tây bạn dùng 4 củ gọt bỏ vỏ, rửa sạch, thấm khô nước. Dùng dao cắt thành những lát mỏng nhưng không cắt rời khoai tây. Bọc kín từng củ khoai tây để trong giấy bạc, đặt vào lò nướng ở 230 độ C trong khoảng 20 phút.', '6.37.jpg', 'Xúc xúc vị tiêu Le Gourmet bạn dùng 200gr, thái thành những lát xéo vừa với độ dày bạn khứa trên thân khoai tây.', '6.38.jpg', 'Để thực hiện phần sốt bạn cho 10gr bơ lạt vào xào tan đều cùng với 10gr bột mì, sau khi tan đều bạn cho tiếp 100ml sữa tươi không đường vào nấu cùng 2 muỗng canh đường, 1/2 muỗng cà phê muối và bào phô mai thành sợi. Nấu thêm 3 phút cho sệt lại và khuấy đều sốt để không bị cháy phần dưới sốt.', '6.39.jpg', 'Khoai tây sau khi nướng đem bóc khỏi giấy bạc, sau đó tiến hành cho các lát xúc xích vào giữa kẽ các lát khoai tây. Đặt lên khay nướng lót sẵn giấy bạc. Phết ít dầu ô liu lên khoai, rắc thêm tiêu xay. Đem nướng tiếp 10 phút ở 230 độ là hoàn tất.', '6.41.jpg', 'Món khoai tây kẹp xúc xích nướng tuy đơn giản mà ngon vì có vị thơm bùi của khoai tây, vị tiêu cay nhẹ của xúc xích và chút vị béo của sốt phô mai. Món ăn không chỉ ngon mà còn giàu năng lượng, thích hợp làm món khai vị cho các bữa tiệc hoặc để thay đổi khẩu vị trong bữa ăn gia đình. Các bạn nhớ lưu công thức này và cùng Le Gourmet thực hiện món ăn hấp dẫn này nhé!', '6.42.jpg', NULL, NULL, NULL, NULL, 1, 1, 0, 320, NULL, NULL),
(150, 'Trân châu trắng', 50, 2, 4, 'Đường trắng 250 gr,\nBột rau câu dẻo 20 gr,\nBột rau câu giòn 3 gr(rau câu con cá),\nNước 1 lít', 8, 30, 'Để làm trân châu trắng cân đủ: 3gr rau câu giòn, 20gr rau câu dẻo, 250gr đường trắng, 1 lít nước. Đun nước đủ nóng, không sôi bùng, rồi cho bột rau câu giòn vào khuấy tan đều.', '7.1.jpg', 'Trộn 20gr bột rau câu dẻo với 250g đường trắng, rồi tiếp tục cho vào nước rau câu giòn ở trên, khuấy đều cho tan hết đường. Bạn có thể cho thêm 1 ống hương vani để làm dịu đi vị tanh từ bột rau câu nếu thích. Sau đó đun nhỏ lửa cho đến khi hỗn hợp sệt vừa lại là được.', '7.2.jpg', 'Để tạo hình viên tròn cho trân châu trắng và dễ dàng lấy trân châu ra sau khi đã hoàn tất thì bạn cần chuẩn bị một tô nước lạnh (có thể cho ít đá) và một ít dầu ăn. Cho dầu ăn vào trong tô nước lạnh. Không khuấy.', '7.3.jpg', 'Cho hỗn hợp rau câu đang nóng vào bình có đầu nhỏ để có thể nhỏ giọt tạo hình. Nhỏ từng giọt rau câu vào tô, giọt rau câu qua lớp dầu sẽ tạo thành hình viên tròn đều, sau đó sẽ chìm xuống phần nước đá, đông cứng lại và tạo thành viên trân châu trắng thành phẩm.', '7.4.jpg', 'Sau khi làm trân châu trắng xong hết thì rửa sạch dầu ăn bám ngoài các viên trân với nước lạnh để thu được phần trân châu trắng thành phẩm.', '7.5.jpg', 'Để bảo quản trân châu trắng ngon, bạn thêm vài giọt nước cốt chanh và một ít đường trắng vào tô trân châu trộn đều làm nước ngâm. Như vậy món trân châu trắng đã hoàn tất, pha 1 ly trà sữa, bỏ trân châu vào và thưởng thức thôi.', '7.6.jpg', NULL, NULL, 3, 1, 0, 320, NULL, NULL),
(151, 'Chanh muối', 51, 2, 3, 'Chanh 1 kg,\nMuối hột 200 gr,\nPhèn chua 4 muỗng canh', 4, 50, 'Rửa sạch những quả chanh tươi với nhiều nước cho sạch bụi đất bám, đồng thời chà nhẹ phần vỏ chanh nhiều lần vào rổ mây (hoặc rổ nhựa) cho bớt phần the (tinh dầu trong vỏ chanh), bước này giúp cho ngâm chanh muối không bị đắng.', '7.7.jpg', 'Hòa tan 4 muỗng canh phèn chua với nước rồi dùng nước phèn chua đó để rửa chanh cho thật sạch, sau đó mang chanh phơi nắng cho ráo nước.', '7.8.jpg', 'Cách làm chanh muối không bị đắng: Nấu nước muối theo tỉ lệ 600ml nước với 200g muối. Nấu cho nước sôi kỹ, muối tan hết thì cho chanh vào trụng sơ rồi vớt ra luôn.', '7.9.jpg', 'Vớt chanh ra ngâm ngay vào nước lạnh để hạ nhiệt nhanh rồi dùng khăn sạch lau khô trái chanh. Phần nước muối các bạn lọc cho bớt cặn, để nguội. Chuẩn bị hũ thủy tinh có nắp đậy để làm chanh muối. Kích thước hũ thủy tinh sao cho chứa hết lượng chanh nhé! Có thể ngâm nhiều hũ rất tiện lợi.', '7.11.jpg', 'Xếp chanh vào hũ thủy tinh, đổ nước muối vào ngập mặt chanh, dùng miếng gài gài trên bề mặt chanh sao cho quả chanh phải luôn ngập trong nước. Đậy nắp lại ngâm trong vòng 1 tháng cho đến khi quả chanh có màu vàng tươi, nước ngâm chanh trong vắt lúc này bạn đã thành công với cách làm chanh muối ngon như ngoài hàng rồi đấy.', '7.12.jpg', 'Những buổi trưa hè nắng gắt khiến bạn cảm thấy nóng trong người. Nếu ở nhà có được vài ly nước chanh muối đá lạnh để dùng giải khát và thanh nhiệt cơ thể thì sảng khoái biết mấy. Do đó, hãy bỏ túi và triển ngay cách làm chanh muối đơn giản trên đây để có ngay vài hũ chanh ngâm chua chua, mặn mặn nhâm nhi mỗi khi cần nhé!', '7.13.jpg', NULL, NULL, 5, 1, 0, 320, NULL, NULL),
(152, 'Sữa bắp nữ hoàng', 52, 2, 3, 'Bắp nữ hoàng 4 trái,\nSữa tươi không đường 200 ml,\nSữa đặc 350 gr', 4, 45, '4 trái bắp nữ hoàng lột vỏ cứng bên ngoài, giữ lại vỏ lụa, râu bắp. Cắt lấy hạt bắp ra để riêng, giữ lại phần cùi bắp.', '7.14.jpg', 'Cho cùi bắp, râu bắp và vỏ lụa vào nồi, thêm 1.2 lít nước lọc rồi đun sôi, sau đó hạ nhỏ lửa, đun liu riu 30 phút để lấy nước ngọt và hương thơm từ bắp. Sau khi đun bạn sẽ thấy nước luộc lên màu đỏ tím rất đẹp.', '7.15.jpg', 'Tiếp theo cho hạt bắp đã cắt vào máy xay sinh tố, thêm 1/2 số nước luộc bắp rồi xay mịn. Chuẩn bị rây lọc, đổ hỗn hợp bắp xay vào rây rồi vắt lấy nước, bỏ xác bắp.', '7.16.jpg', 'Cho nước bắp vừa vắt vào nồi, thêm 1/2 nước luộc bắp còn lại, 200ml sữa tươi không đường và 350gr sữa đặc. Khuấy đều hỗn hợp sữa cho hòa quyện sau đó đun đến khi sữa nóng bốc khói, sôi lăn tăn ở viền nồi là được.', '7.17.jpg', 'Sữa bắp nữ hoàng có màu tím nhạt nhẹ nhàng dịu mắt, mùi hương thì thơm mát đặc trưng. Vị sữa ngọt dịu, uống lạnh hay nóng đều ngon. Để bảo quản sữa bắp, sau khi nấu bạn để sữa thật nguội rồi cho vào chai hoặc bình thủy tinh sạch, đậy kín nắp rồi bảo quản trong ngăn mát tủ lạnh. Uống sữa trong vòng 3 ngày để giữ hương vị ngon nhất bạn nhé!', '7.18.jpg', NULL, NULL, NULL, NULL, 5, 1, 0, 320, NULL, NULL),
(153, 'Nước nha đam hoa đậu biếc', 53, 2, 6, 'Nha đam 500 gr(Đã gọt vỏ),\nHoa đậu biếc 10 cái(Khô),\nĐường phèn 300 gr,\nMuối 1/2 muỗng cà phê,\nLá dứa 100 gr,\nNước 1 1/2 lít', 2, 20, 'Nấu nước sôi lăn tăn bỏ lá dứa vào tạo mùi thơm. Khoảng 3 phút thì vớt ra tránh để lâu vì có thể tạo vị đắng.', '7.19.jpg', 'Tiếp đến cho đường phèn cùng muối hoà tan. Đợi nước sôi lần nữa thì cho ngay nha đam vào nấu khoảng 10 phút.', '7.21.jpg', 'Cuối cùng là cho hoa đậu biết vào nấu cùng tất cả ng liệu trên khoảng 10 phút.', '7.22.jpg', 'Khi hoa hoà vào nước lập tức nước chuyển màu xanh tím, lúc đó ta vớt hết hoa đậu biếc ra và ta đã được một món nước nha đam hoa đậu biết thơm ngon.', '7.23.jpg', NULL, NULL, NULL, NULL, NULL, NULL, 1, 1, 0, 320, NULL, NULL),
(154, 'Rau má nước dừa', 54, 2, 4, 'Rau má 200 gr,\nNước dừa 400 ml,\nĐường trắng 2 muỗng canh,\nMuối 1/2 muỗng cà phê\n', 6, 10, 'Rửa sạch rau má, bỏ những lá bị dập úa. Chọn dừa loại có cơm dừa mềm để dễ nạo và ăn ngon hơn. Cho vào máy xay sinh tố 200gr rau má, 400ml nước dừa, 2 muỗng canh đường và 1/2 muỗng cà phê muối.', '7.24.jpg', 'Chọn chế độ xay nhuyễn các nguyên liệu. Lọc bỏ xác rau má qua rây, chỉ giữ lại nước.', '7.25.jpg', 'Nạo sẵn cơm dừa để riêng. Rau má nước dừa có thể giữ lạnh rồi uống hoặc uống chung với đá viên cũng rất ngon. Nếu thích, có thể cho thêm dừa nạo lên trên và tận hưởng thôi nào.', '7.26.jpg', 'Rau má nước dừa có mùi thơm đặc trưng của rau má, vị ngọt thanh của nước dừa tươi cộng với cái dừa béo béo, trưa hè nóng bức hoặc những ngày thời tiết nắng nóng mà có ly rau má dừa bên cạnh thì còn gì tuyệt hơn. Cách làm rau má nước dừa đơn giản, còn ngại gì không làm thử nào!', '7.27.jpg', NULL, NULL, NULL, NULL, NULL, NULL, 1, 1, 0, 320, NULL, NULL),
(155, 'Rau má đậu xanh', 55, 2, 3, 'Rau má 300 gr,\nĐậu xanh không vỏ 150 gr,\nSữa đặc 200 ml', 2, 30, 'Ngâm 3-4 tiếng 150gr đậu xanh đã cà vỏ với nước để đậu xanh nở, sau đó rửa sạch rồi cho cho vào nồi hấp chín khoảng 30 phút đến khi đậu xanh mềm.', '7.28.jpg', 'Xay nước rau má nguyên chất: Rau má mua về ngắt bỏ bớt phần thân rau má và nhặt những cọng rau bị vàng, rửa sạch rồi để ráo. Cho rau má vào máy xay và thêm nước lọc để quá trình xay dễ dàng hơn. Với 300gr rau má thì bạn cho khoảng 1 lít nước lọc vào và xay từ từ. Khi xay xong bạn hãy lọc qua rây hoặc dùng túi vắt để lấy nước và bỏ bã.', '7.29.jpg', 'Cách làm rau má đậu xanh sữa: Cho đậu xanh đã hấp chín vào máy xay, thêm vào 200ml sữa đặc để tạo vị ngọt (hoặc bạn có thể dùng đường tuỳ thích nhé), cuối cùng là cho khoảng 500ml nước rau má đã lọc ở bước 1 vào máy xay, xay nhuyễn đến khi hỗn hợp rau má đậu xanh mịn mượt và hoà quyện với nhau.', '7.31.jpg', 'Chỉ với vài bước đơn giản, món nước đậu xanh rau má ngon, dễ làm này đã hoàn tất. Giờ chỉ việc cho ra ly, thêm đá viên vào là bạn có thể thưởng thức ngay ly nước rau má đậu xanh thơm ngon, mát lạnh. Với vị thanh mát của rau và ngọt bùi của đậu, rau má đậu xanh sẽ giúp bạn giải nhiệt, mát gan trong những ngày hè nóng bức. Chúc bạn ngon miệng với cách làm rau má đậu nhanh gọn, đơn giản này nhé', '7.32.jpg', NULL, NULL, NULL, NULL, NULL, NULL, 1, 1, 0, 320, NULL, NULL),
(156, 'Trà túi lọc chanh dây', 56, 2, 4, 'Chanh dây 3 trái,\nChanh dây 3 trái,\nTrà túi lọc 1 túi,\nMật ong 6 muỗng cà phê', 2, 15, 'Cắt 3 quả chanh dây. Cho thêm khoảng 100ml nước lọc vào và lọc hạt chanh dây.', '7.33.jpg', 'Cho 100ml nước sôi vào ngâm trà túi lọc. Chanh dây có thể dùng nguyên chất hoặc dùng chung với trà đều ngon.', '7.34.jpg', 'Cho 4 muỗng mật ong vào mỗi ly (1 ly trà chanh dây và 1 ly chanh dây) khuấy đều và cho thêm một ít nước đá vào và thưởng thức ^^. Cho một ít lá bạc hà và hạt chanh dây lên trang trí.\n', '7.35.jpg', NULL, NULL, NULL, NULL, NULL, NULL, NULL, NULL, 1, 1, 0, 320, NULL, NULL);
INSERT INTO `recipes` (`id`, `name`, `id_dish`, `id_user`, `amount`, `materials`, `eater`, `time`, `step_1`, `image_1`, `step_2`, `image_2`, `step_3`, `image_3`, `step_4`, `image_4`, `step_5`, `image_5`, `step_6`, `image_6`, `step_7`, `image_7`, `level`, `status`, `number_like`, `number_view`, `created_at`, `updated_at`) VALUES
(157, 'Nước chanh xí muội', 57, 2, 4, 'Mật ong 1/4 chén,\nĐường trắng 1 chén,\nVỏ chanh 1 chén,\nNước 1/2 ly', 4, 25, 'Chanh rửa sạch, vắt lấy nước bỏ hạt. Vỏ chanh cắt sợi nhỏ, đem trộn với đường, mật ong, để yên khoảng 2-3 tiếng đồng hồ. Ngoài chanh ra, bạn có thể áp dụng tỉ lệ này cho bất cứ loại trái cây nào có múi mà bạn thích.', '7.36.jpg', 'Đặt nồi lên bếp, cho hỗn hợp vỏ chanh trộn bên trên vào, sên với lửa riu riu khoảng 15 phút. Khi nước chanh sệt lại, vỏ chanh trở nên dẻo, tất cả quyện thành một khối vàng ươm là được. Bạn có thể bảo quản bằng cách đựng trong hũ thủy tinh kín để trong ngăn mát và dùng dần.', '7.37.jpg', 'Khi uống tùy vào khẩu vị mỗi người mà pha lượng chanh xí muội với nước lọc theo tỉ lệ thích hợp. Bỏ thêm đá viên cho thức uống thêm phần mát lạnh, đã khát nào. Ly nước thơm thơm, ngọt ngọt sẵn sàng giải khát hiệu quả.', '7.38.jpg', NULL, NULL, NULL, NULL, NULL, NULL, NULL, NULL, 1, 1, 0, 320, NULL, '2020-05-13 08:45:04'),
(158, 'salad xuc xich', 152, 22, 1, 'xuc xich 1 cai,\r\nrau 1 mo', 1, 10, 'thái', '', 'trộn', '', 'thêm gia vị', '', '', '', '', '', '', '', '', '', 1, 0, 10, 320, '2020-05-17 11:23:57', '2020-05-17 11:23:57');

-- --------------------------------------------------------

--
-- Cấu trúc bảng cho bảng `slide`
--

CREATE TABLE `slide` (
  `id` int(10) UNSIGNED NOT NULL,
  `name` varchar(255) COLLATE utf8mb4_unicode_ci NOT NULL,
  `image` varchar(255) COLLATE utf8mb4_unicode_ci NOT NULL,
  `content` varchar(255) COLLATE utf8mb4_unicode_ci NOT NULL,
  `link` varchar(255) COLLATE utf8mb4_unicode_ci NOT NULL,
  `status` int(11) NOT NULL DEFAULT 1,
  `created_at` timestamp NULL DEFAULT NULL,
  `updated_at` timestamp NULL DEFAULT NULL
) ENGINE=InnoDB DEFAULT CHARSET=utf8mb4 COLLATE=utf8mb4_unicode_ci;

--
-- Đang đổ dữ liệu cho bảng `slide`
--

INSERT INTO `slide` (`id`, `name`, `image`, `content`, `link`, `status`, `created_at`, `updated_at`) VALUES
(1, 'Slide 1', 'Nmki_newsletter-bg.jpg', 'new', 'http://', 1, '2022-09-20 20:44:14', '2022-09-20 20:44:14'),
(2, 'Slide 2', 'IPo6_gallery_08.jpg', 'new 2', 'http://', 1, '2022-09-20 20:48:08', '2022-09-20 20:48:08'),
(4, 'slide 4', 'VfNJ_cooky-ads-637057967324628185.jpg', 'abc xyz', 'asdfghjkl', 1, '2022-10-08 22:51:33', '2022-10-08 22:51:33'),
(5, 'slide 5', 'sacE_cooky-ads-637057953342208300.jpg', 'sữa đậu xanh lá dứa', 'qưertyuio', 1, '2022-10-08 22:57:36', '2022-10-08 22:57:36');

-- --------------------------------------------------------

--
-- Cấu trúc bảng cho bảng `tukhoa`
--

CREATE TABLE `tukhoa` (
  `id` int(11) UNSIGNED NOT NULL,
  `tukhoa` varchar(255) COLLATE utf8_unicode_ci NOT NULL,
  `created_at` timestamp NULL DEFAULT NULL,
  `updated_at` timestamp NULL DEFAULT NULL
) ENGINE=InnoDB DEFAULT CHARSET=utf8 COLLATE=utf8_unicode_ci;

--
-- Đang đổ dữ liệu cho bảng `tukhoa`
--

INSERT INTO `tukhoa` (`id`, `tukhoa`, `created_at`, `updated_at`) VALUES
(1, 'bánh canh', '2020-05-01 23:37:32', '2020-05-01 23:37:32'),
(3, 'bánh cá', '2020-05-01 23:38:12', '2020-05-01 23:38:12'),
(11, 'a', '2020-05-08 09:26:31', '2020-05-08 09:26:31'),
(14, 'bánh mì', '2020-05-11 08:31:27', '2020-05-11 08:31:27'),
(16, 'khoai tây', '2020-05-13 06:46:57', '2020-05-13 06:46:57'),
(21, 'salad xuc xich', '2020-05-17 11:25:21', '2020-05-17 11:25:21');

-- --------------------------------------------------------

--
-- Cấu trúc bảng cho bảng `users`
--

CREATE TABLE `users` (
  `id` int(10) UNSIGNED NOT NULL,
  `avatar` varchar(255) COLLATE utf8mb4_unicode_ci DEFAULT NULL,
  `name` varchar(255) COLLATE utf8mb4_unicode_ci NOT NULL,
  `fullname` varchar(255) COLLATE utf8mb4_unicode_ci DEFAULT NULL,
  `sex` varchar(255) COLLATE utf8mb4_unicode_ci DEFAULT NULL,
  `email` varchar(255) COLLATE utf8mb4_unicode_ci NOT NULL,
  `email_verified_at` timestamp NULL DEFAULT NULL,
  `password` varchar(255) COLLATE utf8mb4_unicode_ci NOT NULL,
  `role` int(11) DEFAULT NULL,
  `address` varchar(255) CHARACTER SET utf8 COLLATE utf8_unicode_ci DEFAULT NULL,
  `phone` int(11) DEFAULT NULL,
  `level` int(11) DEFAULT NULL,
  `status` int(11) DEFAULT 1,
  `remember_token` varchar(100) COLLATE utf8mb4_unicode_ci DEFAULT NULL,
  `created_at` timestamp NULL DEFAULT NULL,
  `updated_at` timestamp NULL DEFAULT NULL
) ENGINE=InnoDB DEFAULT CHARSET=utf8mb4 COLLATE=utf8mb4_unicode_ci;

--
-- Đang đổ dữ liệu cho bảng `users`
--

INSERT INTO `users` (`id`, `avatar`, `name`, `fullname`, `sex`, `email`, `email_verified_at`, `password`, `role`, `address`, `phone`, `level`, `status`, `remember_token`, `created_at`, `updated_at`) VALUES
(2, 'zwlz_1564476292.jpg', 'Cooking Diary', NULL, '1', 'admin@gmail.com', NULL, '$2y$10$0qDBOC.JQbojDFhXk5Cpo.UiC6Yri.Dpu81kc22ph5PDCZEFbTisC', 1, 'Bắc Ninh', 382788384, 1, 1, NULL, '2022-09-20 21:31:50', '2022-11-21 08:20:32'),
(3, 'PgWn_staff-01.jpg', 'Chuyên gia 1', NULL, '1', 'specialist1@gmail.com', NULL, '$2y$10$eIBCeYCxnGW7FFtzQIti7eTPUKvDwWUnShchzVOozZegDot2hr4y.', 3, 'Mỹ', 123456789, 10, 1, NULL, '2022-09-20 21:33:07', '2022-09-20 21:33:07'),
(4, '5mKy_staff-02.jpg', 'Chuyên gia 2', NULL, '1', 'specialist2@gmail.com', NULL, '$2y$10$07cU0cEIVniF/QgbRqy8YO/az4BVnTrGwKcatXQD8SpRfXrDGiLgy', 3, 'Brazil', 123456789, 10, 1, NULL, '2022-09-20 21:33:40', '2022-09-20 21:33:40'),
(5, 'rzv8_staff-03.jpg', 'Chuyên gia 3', NULL, '1', 'specialist3@gmail.com', NULL, '$2y$10$v5.I6et9JSP5tdg0rDpVXu2n01ifcKZpooGLkm2185TcjpJMOCjRe', 3, 'Nam Phi', 123456789, 10, 1, NULL, '2022-09-20 21:34:06', '2022-09-20 21:34:06'),
(6, 'j290_1564475362.jpg', 'chuyen gia 4', NULL, '1', 'specialist4@gmail.com', NULL, '$2y$10$B6uJoJGvtvn0RIva0HBA6evzKSFIlWWaFuztl6cPi8ZiYraxmVa/q', 3, 'lalalala', 123456789, 10, 1, NULL, '2022-09-23 02:34:43', '2022-09-23 02:34:43'),
(7, 'waD7_1564475727.jpg', 'chuyên gia 5', NULL, '2', 'specialist5@gmail.com', NULL, '$2y$10$UxyLf6rQTpbDUVNWuyPFyeti65qSCMMt4I7kj1Do5W8dSAs/Ue7Iu', 3, 'dbjksdbkfl', 123456789, 10, 1, NULL, '2022-09-23 02:35:09', '2022-09-23 02:35:09'),
(9, 'wSYW_1564476279.jpg', 'mai', NULL, '2', 'mai@gmail.com', NULL, '123456', 2, 'address', 123456789, 1, 1, NULL, '2022-09-25 08:36:59', '2022-09-25 09:38:37'),
(10, '2gWy_1564476279.jpg', 'phạm thị lan', NULL, '2', 'lan@gmail.com', NULL, '$2y$10$eGL0fQEINNPdGSyMLhL9M.2Dv3vaoGpuVxQQK1dxUR55JnBBT2oJO', 2, 'Hà Nam', 123456789, 1, 1, NULL, '2022-09-25 08:53:54', '2022-10-02 04:04:44'),
(11, 'uX8Q_set thể thao cổ tim - totoshop 3 (2)_thumb.jpg', 'Phạm Thị Dung', NULL, '2', 'dungcute@gmail.com', NULL, '$2y$10$FajV9mL.jlrRDFgjo8qMpuBG.0Aqdsm/vCZkzqMXVOtVEThUkMPBq', 2, 'Thuận Thành', 12356789, 1, 1, NULL, '2022-09-30 01:28:06', '2022-10-02 04:05:04'),
(12, 'AwYo_1564476140.jpg', 'Phạm Thị Huệ', NULL, '2', 'hue1@gmail.com', NULL, '$2y$10$yif/URxdnqoufeLU4Ze0We0T.F2ZazebIFrMgp8Xc4jiXnzvZm/Vy', 2, 'Bắc Giang', 123456789, 1, 1, NULL, '2022-10-01 07:55:19', '2022-10-02 04:05:46'),
(13, 'JDmD_1564474884.jpg', 'Nguyễn Văn Bắc', NULL, '1', 'bac@gmail.com', NULL, '$2y$10$qf/JQiUi6et9I3ykHv9ScuLB5Jo6fsQOqxfg60xZ.xPAPPhtRaBAC', 0, 'hà nam', 123456789, 1, 1, NULL, '2022-10-01 07:55:59', '2022-10-20 23:27:52'),
(14, 'xFUr_chân váy jean lệch tà- totoshop  (1)_thumb.jpg', 'Đoàn Thị Linh', NULL, '2', 'linhlinh@gmail.com', NULL, '$2y$10$xgSz9k6tlpxioSacqsGOD.psA9lwpMGMKANYqxcmfXX5JvLLFtsSC', 1, 'abc xyz', 1234567890, 10, 1, NULL, '2022-10-08 10:02:40', '2022-10-08 10:02:40'),
(15, 'Y9Nl_set thể thao - totoshop  3 (1)_thumb.jpg', 'nguyễn văn b', NULL, '1', 'bb@gmail.com', NULL, '$2y$10$I/ASoFkae34VVWkleMf9I.83.wonQC5As19jo8mJsAhViZR2r1G6e', 1, 'Hà Nội', 123567890, 1, 1, NULL, '2022-10-16 09:55:45', '2022-11-30 02:35:21'),
(18, NULL, 'tuantienti', NULL, NULL, 'tuantuan@gmail.com', NULL, '$2y$10$svDeqkxzioIWpaSemVTBhewkm4BackayIvmxUFk9y.d5FLjbqL2LC', NULL, NULL, NULL, NULL, 1, NULL, '2022-10-24 11:20:56', '2022-10-24 11:20:56'),
(19, 'EE8w_Y9Nl_set thể thao - totoshop  3 (1)_thumb.jpg', 'Đinh Văn Tuấn', NULL, '1', 'dtuan@gmail.com', NULL, '$2y$10$xUKL2.ER3ZhmCWf1pzC0nuSX5bBnR1v/IXSjJKoR4r4U.5QvUeUBa', 0, 'Bắc Ninh', 123456789, 1, 1, NULL, '2022-11-11 06:47:18', '2020-05-10 19:17:47'),
(20, NULL, 'test', NULL, '1', 'test@gmail.com', NULL, '$2y$10$3zq2f3ZTJM2F4nIJdcrIcuHCirP1aBcDgZxHwoxCnDL8/t33m/vi2', 0, NULL, NULL, 0, 1, NULL, '2022-11-12 05:13:35', '2022-11-12 05:13:35'),
(21, 'IZz3_hue.jpg', 'nguyen van a', NULL, '1', 'employee1@gmail.com', NULL, '$2y$10$bycjd5Z5J1YpUxJqvfgU0emIwLDCnJuVg.AM89NMfWjNdYPHd1Z5O', 2, 'Bắc Ninh', 1234567890, 10, 1, NULL, '2020-05-14 07:42:40', '2020-05-14 07:42:40'),
(22, NULL, 'anhb', NULL, '1', 'anhb@gmail.com', NULL, '$2y$10$sBVQ.MrnxW.jjVDUkTva7.kCkyIYg4DWuKWuraIbcaeQsqKnyVTPe', 0, NULL, NULL, 0, 1, NULL, '2020-05-17 11:21:55', '2020-05-17 11:21:55');

-- --------------------------------------------------------

--
-- Cấu trúc bảng cho bảng `websockets_statistics_entries`
--

CREATE TABLE `websockets_statistics_entries` (
  `id` int(10) UNSIGNED NOT NULL,
  `app_id` varchar(255) COLLATE utf8mb4_unicode_ci NOT NULL,
  `peak_connection_count` int(11) NOT NULL,
  `websocket_message_count` int(11) NOT NULL,
  `api_message_count` int(11) NOT NULL,
  `created_at` timestamp NULL DEFAULT NULL,
  `updated_at` timestamp NULL DEFAULT NULL
) ENGINE=InnoDB DEFAULT CHARSET=utf8mb4 COLLATE=utf8mb4_unicode_ci;

--
-- Chỉ mục cho các bảng đã đổ
--

--
-- Chỉ mục cho bảng `category`
--
ALTER TABLE `category`
  ADD PRIMARY KEY (`id`);

--
-- Chỉ mục cho bảng `comment`
--
ALTER TABLE `comment`
  ADD PRIMARY KEY (`id`),
  ADD KEY `comment_id_user_foreign` (`id_user`),
  ADD KEY `comment_id_recipe_foreign` (`id_recipe`);

--
-- Chỉ mục cho bảng `dish`
--
ALTER TABLE `dish`
  ADD PRIMARY KEY (`id`),
  ADD KEY `dish_id_category_foreign` (`id_category`);

--
-- Chỉ mục cho bảng `messages`
--
ALTER TABLE `messages`
  ADD PRIMARY KEY (`id`);

--
-- Chỉ mục cho bảng `migrations`
--
ALTER TABLE `migrations`
  ADD PRIMARY KEY (`id`);

--
-- Chỉ mục cho bảng `password_resets`
--
ALTER TABLE `password_resets`
  ADD KEY `password_resets_email_index` (`email`(191));

--
-- Chỉ mục cho bảng `recipes`
--
ALTER TABLE `recipes`
  ADD PRIMARY KEY (`id`),
  ADD KEY `recipes_id_dish_foreign` (`id_dish`),
  ADD KEY `id_user` (`id_user`);

--
-- Chỉ mục cho bảng `slide`
--
ALTER TABLE `slide`
  ADD PRIMARY KEY (`id`);

--
-- Chỉ mục cho bảng `tukhoa`
--
ALTER TABLE `tukhoa`
  ADD PRIMARY KEY (`id`);

--
-- Chỉ mục cho bảng `users`
--
ALTER TABLE `users`
  ADD PRIMARY KEY (`id`);

--
-- Chỉ mục cho bảng `websockets_statistics_entries`
--
ALTER TABLE `websockets_statistics_entries`
  ADD PRIMARY KEY (`id`);

--
-- AUTO_INCREMENT cho các bảng đã đổ
--

--
-- AUTO_INCREMENT cho bảng `category`
--
ALTER TABLE `category`
  MODIFY `id` int(10) UNSIGNED NOT NULL AUTO_INCREMENT, AUTO_INCREMENT=8;

--
-- AUTO_INCREMENT cho bảng `comment`
--
ALTER TABLE `comment`
  MODIFY `id` int(10) UNSIGNED NOT NULL AUTO_INCREMENT, AUTO_INCREMENT=44;

--
-- AUTO_INCREMENT cho bảng `dish`
--
ALTER TABLE `dish`
  MODIFY `id` int(10) UNSIGNED NOT NULL AUTO_INCREMENT, AUTO_INCREMENT=158;

--
-- AUTO_INCREMENT cho bảng `messages`
--
ALTER TABLE `messages`
  MODIFY `id` bigint(20) UNSIGNED NOT NULL AUTO_INCREMENT, AUTO_INCREMENT=53;

--
-- AUTO_INCREMENT cho bảng `migrations`
--
ALTER TABLE `migrations`
  MODIFY `id` int(10) UNSIGNED NOT NULL AUTO_INCREMENT, AUTO_INCREMENT=10;

--
-- AUTO_INCREMENT cho bảng `recipes`
--
ALTER TABLE `recipes`
  MODIFY `id` int(10) UNSIGNED NOT NULL AUTO_INCREMENT, AUTO_INCREMENT=159;

--
-- AUTO_INCREMENT cho bảng `slide`
--
ALTER TABLE `slide`
  MODIFY `id` int(10) UNSIGNED NOT NULL AUTO_INCREMENT, AUTO_INCREMENT=6;

--
-- AUTO_INCREMENT cho bảng `tukhoa`
--
ALTER TABLE `tukhoa`
  MODIFY `id` int(11) UNSIGNED NOT NULL AUTO_INCREMENT, AUTO_INCREMENT=22;

--
-- AUTO_INCREMENT cho bảng `users`
--
ALTER TABLE `users`
  MODIFY `id` int(10) UNSIGNED NOT NULL AUTO_INCREMENT, AUTO_INCREMENT=23;

--
-- AUTO_INCREMENT cho bảng `websockets_statistics_entries`
--
ALTER TABLE `websockets_statistics_entries`
  MODIFY `id` int(10) UNSIGNED NOT NULL AUTO_INCREMENT;

--
-- Các ràng buộc cho các bảng đã đổ
--

--
-- Các ràng buộc cho bảng `dish`
--
ALTER TABLE `dish`
  ADD CONSTRAINT `dish_id_category_foreign` FOREIGN KEY (`id_category`) REFERENCES `category` (`id`) ON DELETE CASCADE;
COMMIT;

/*!40101 SET CHARACTER_SET_CLIENT=@OLD_CHARACTER_SET_CLIENT */;
/*!40101 SET CHARACTER_SET_RESULTS=@OLD_CHARACTER_SET_RESULTS */;
/*!40101 SET COLLATION_CONNECTION=@OLD_COLLATION_CONNECTION */;
